type,id,abandoned:highway,bicycle,foot,highway,horse,name,operator,ref,sac_scale,surface,trail_visibility,incline,motor_vehicle,mtb:scale,mtb:scale:imba,mtb:scale:uphill,smoothness,tiger:cfcc,tiger:county,tiger:name_base,tiger:name_type,tracktype,width,dog,disused,dogs,flood_prone,lit,smoking,source,oneway,ohv,oneway:bicycle,source_ref,alt_name,atv,motorcar,motorcycle,note,sac_scale_ref,yds,description,cutline,informal,man_made,horse_scale,stroller,tiger:zip_left,tiger:zip_right,wheelchair,name_1,bridge,layer,maxspeed,website,cutting,access,tiger:name_base_1,fixme,addr:city,addr:housenumber,addr:postcode,addr:street,loc_name,length,abandoned:name,old_name,tunnel,tiger:reviewed,segregated,visibility,crossing,check_date,construction
way,7065923,track,no,yes,path,yes,Tenaja Falls Trail,US Forest Service,5W04,hiking,unpaved,excellent,,,,,,,,,,,,,,,,,,,,,,,,,,,,,,,,,,,,,,,,,,,,,,,,,,,,,,,,,,,,,,,
way,7197329,,,,path,,Morgan Trail,US Forest Service,5W02,hiking,,excellent,,,,,,,,,,,,,,,,,,,,,,,,,,,,,,,,,,,,,,,,,,,,,,,,,,,,,,,,,,,,,,,
way,7218234,,,,track,,Wildhorse Meadow Road,,FR 2N93,mountain_hiking,dirt,excellent,up,yes,2,1,0,very_bad,A41,"San Bernardino, CA",2N23;Wildhorse Meadows,Rd,grade3,2,,,,,,,,,,,,,,,,,,,,,,,,,,,,,,,,,,,,,,,,,,,,,,,,,,,
way,7341450,,no,,path,,Cucamonga Peak Trail,,7W04,hiking,unpaved,,,,,,,,,,,,,,,,,,,,,,,,,,,,,,,,,,,,,,,,,,,,,,,,,,,,,,,,,,,,,,,,
way,13287079,,yes,yes,track,yes,South Los Mares Trail,,,hiking,dirt,,,no,,,,,,,,,,,leashed,,,,,,,,,,,,,,,,,,,,,,,,,,,,,,,,,,,,,,,,,,,,,,,,,,
way,13397999,,no,,path,no,Barley Flats Truck Trail,,,demanding_mountain_hiking,ground,intermediate,,,,,,,,,,,,,,yes,,,,,,,,,,,,,,,,,,,,,,,,,,,,,,,,,,,,,,,,,,,,,,,,,
way,13415290,,yes,yes,track,yes,Cobal Canyon Trail,,,hiking,dirt,,,permissive,,,,,A41,"Los Angeles, CA",Cobal Canyon,Mtwy,,,,,,,,,,,,,,,,,,,,,,,,,,,,,,,,,,,,,,,,,,,,,,,,,,,,,
way,13437288,,yes,yes,track,no,Ridge Motorway,,,hiking,dirt,excellent,,no,1,,,intermediate,A51,"Los Angeles, CA",Gladys,Mtwy,grade2,,,,leashed,no,no,no,survey,,,,,,,,,,,,,,,,,,,,,,,,,,,,,,,,,,,,,,,,,,,,
way,13465417,,yes,yes,track,yes,Burbank Trail,,,hiking,dirt,,,no,,,,,A41,"Los Angeles, CA",Burbank,Mtwy,,,,,,,,,,no,,,,,,,,,,,,,,,,,,,,,,,,,,,,,,,,,,,,,,,,,,,
way,29197674,,yes,yes,path,yes,Strawberry Peak Trail,,,hiking,ground,excellent,,,,,,,,,,,,,,,,,,,,,no,,,,,,,,,,,,,,,,,,,,,,,,,,,,,,,,,,,,,,,,,,
way,29378667,,yes,yes,track,,Buck Gully Trail,City of Newport Beach,,hiking,unpaved,excellent,,no,,,,,,,,,,,no,,,,,,,,,yes,,,,,,,,,,,,,,,,,,,,,,,,,,,,,,,,,,,,,,,,,
way,29378746,,yes,yes,path,,Buck Gully Trail,City of Newport Beach,,hiking,unpaved,excellent,,,,,,,,,,,,1,,,,,,,,,,yes,,,,,,,,,,,,,,,,,,,,,,,,,,,,,,,,,,,,,,,,,
way,30368816,,yes,yes,path,yes,Upper Winter Creek Trail,,,hiking,dirt,,,,,,,,,,,,,,,,,,,,,,no,,,,,,,,,,,,,,,,,,,,,,,,,,,,,,,,,,,,,,,,,,
way,30369295,,yes,yes,path,yes,Lower Winter Creek Trail,,,hiking,dirt,,,,,,,,,,,,,,,,,,,,,,no,,,,,,,,,,,,,,,,,,,,,,,,,,,,,,,,,,,,,,,,,,
way,30885069,,,,path,,Brown Mountain Road,,2N66,hiking,dirt,,,,,,,,,,,,,,,,,,,,GPS,,,,,,,,,,,,,,,,,,,,,,,,,,,,,,,,,,,,,,,,,,,,
way,30885185,,,,track,,Millard Canyon Road,,2N65,hiking,unpaved,,,,,2,3,very_horrible,,,,,grade3,,,,,,,,usgs_imagery;survey;image;USFS,,,,AM909_DSCV3030,,,,,,,,,,,,,,,,,,,,,,,,,,,,,,,,,,,,,,,,
way,30906537,,yes,yes,path,yes,Landslide,,3N30,demanding_mountain_hiking,,,,,,,,,,,,,,,,,,,,,,,no,,,Yreba Buena Ridge Road,no,no,no,road damaged due to landslide passable on foot only,T3,,,,,,,,,,,,,,,,,,,,,,,,,,,,,,,,,,
way,30976113,,no,yes,path,,Vogel Flat Trail,,,mountain_hiking,,intermediate,,,,,,,,,,,,,,,,,,,,,,,,,,,,,T2,2,,,,,,,,,,,,,,,,,,,,,,,,,,,,,,,,,
way,30988111,,,,path,,Kenyon-Devore Trail,,,hiking,unpaved,,,,,,,,,,,,,,,,,,,,,,,,,,,,,,,,,,,,,,,,,,,,,,,,,,,,,,,,,,,,,,,,
way,31057023,,,,path,,,,,mountain_hiking,,,,,,,,,,,,,,,,,,,,,,,,,,,,,,,,,unmaintaine firebreak,,,,,,,,,,,,,,,,,,,,,,,,,,,,,,,,
way,31057100,,yes,yes,path,yes,Sister Elsie Trail,,,mountain_hiking,,,,,,,,very_horrible,,,,,,,,,,,,,,,no,,,,,no,no,,,1,,,,,,,,,,,,,,,,,,,,,,,,,,,,,,,,,
way,31057118,,yes,yes,path,yes,Sister Elsie Trail,,,mountain_hiking,,,,,,,,very_horrible,,,,,,,,,,,,,,,no,,,,,,,,,1,,,,,,,,,,,,,,,,,,,,,,,,,,,,,,,,,
way,31064192,,no,yes,path,yes,Sister Elsie Trail,,,mountain_hiking,,,,no,,,,very_horrible,,,,,,,,,,,,,,,no,,,,,,,,,1,,,,,,,,,,,,,,,,,,,,,,,,,,,,,,,,,
way,31144725,,,,track,,Mount Lowe Motorway,,FR 2N50,hiking,unpaved,,,,,,,,,"Los Angeles, CA",Mount Lowe,Mtwy,grade3,,,,,,,,cadastre,,,,,,,,,,,,,,,,,,,,,,,,,,,,,,,,,,,,,,,,,,,,
way,31281166,,,,path,,Bear Canyon Trail,,,hiking,,excellent,,,,,,,,,,,,,,,,,,,,,,,,,,,,,,,,,,,,,,,,,,,,,,,,,,,,,,,,,,,,,,,
way,31308195,,,,path,,Valley Forge Trail,,,demanding_mountain_hiking,dirt,bad,up,,,,,,,,,,,2,,,,,,,,,,,,,,,,,,,,,,,,,,,,,,,,,,,,,,,,,,,,,,,,,,,
way,31415320,,,yes,path,,,,,alpine_hiking,ground,,,,,,,,,,,,,,,,,,,,,,,,,,,,,,,3,Social Trail - not a maintained trail.,firebreak,yes,cutline,,,,,,,,,,,,,,,,,,,,,,,,,,,,,
way,31427164,,,,path,,Rim Trail,,,hiking,dirt,,,,,,,,,,,,,,,,,,,,,,,,,,,,,,,,,,,,,,,,,,,,,,,,,,,,,,,,,,,,,,,,
way,31519991,,yes,yes,path,yes,Condor Peak Trail,,13W05,hiking,,,,,,,,,,,,,,0.6,,,,,,,,,,,,,,no,no,,,,,,,,,,,,,,,,,,,,,,,,,,,,,,,,,,,,
way,31568582,,,,path,,Waterman Mountain Trail,,,mountain_hiking,dirt,,,,,,,,,,,,,,,,,,,,,,,,,,,,,,,,,,,,,,,,,,,,,,,,,,,,,,,,,,,,,,,,
way,31568583,,,,path,,Spur to helipad,,,mountain_hiking,,,,,,,,,,,,,,,,,,,,,,,,,,,,,,,,,,,,,,,,,,,,,,,,,,,,,,,,,,,,,,,,,
way,31568584,,,,path,,Twin Peaks Trail,,,mountain_hiking,,,,,,,,,,,,,,,,,,,,,,,,,,,,,,,,,,,,,,,,,,,,,,,,,,,,,,,,,,,,,,,,,
way,31568585,,,,path,,Twin Peaks use trail,,,alpine_hiking,,,,,,,,,,,,,,,,,,,,,,,,,,,,,,,,,,,,,,,,,,,,,,,,,,,,,,,,,,,,,,,,,
way,31860086,,,,path,,Bill Riley Trail,,,mountain_hiking,,,,,,,,,,,,,,,,,,,,,GPS,,,,,,,,,,,,,,,,,,,,,,,,,,,,,,,,,,,,,,,,,,,,
way,31870962,,,,path,,,,,mountain_hiking,,,,,,,,,,,,,,,,,,,,,GPS,,,,,,,,,,,,,,,,,,,,,,,,,,,,,,,,,,,,,,,,,,,,
way,35745947,,yes,yes,track,,Harbor View Trail,,,hiking,dirt,,,no,,,,,,,,,,,,,,,,,,,,,,,,,,,,,,,,,,,,,,,,,,,,,,,,,,,,,,,,,,,,,
way,35745948,,,,path,,,,,hiking,,,,,,,,,,,,,,,,,,,,,,,,,,,,,,,,,,,,,,,,,,,,,,,,,,,,,,,,,,,,,,,,,
way,37356068,,yes,yes,track,yes,North Los Mares Trail,,,hiking,dirt,,,no,,,,,,,,,grade2,4,leashed,,,,,,,,,,,,,,,,,,,,,,,,,,,,,,,,,,,,,,,,,,,,,,,,,,
way,41019648,,yes,yes,path,yes,Telegraph Canyon Trail,,,hiking,dirt,excellent,,no,,,,bad,A41,"Orange, CA",Telegraph Canyon,Rd,,,leashed,,,,no,,,,,,,,,,,,,,,,,,common,no,92886,92886,no,,,,,,,,,,,,,,,,,,,,,,,,
way,44881855,,no,designated,path,no,Wood Creek Trail,,,mountain_hiking,dirt,,,,,,,,,,,,,,,,,,,,,,,,,,,,,,,,,,,,,,,,no,,,,,,,,,,,,,,,,,,,,,,,,
way,47462892,,yes,yes,track,yes,Mount Wilson Toll Road,,,hiking,unpaved,,,no,,,,,,,,,grade3,,,,,,,,cadastre,,,,,,,,,,,,,,,,,,,,,,,,,,,,,,,,,,,,,,,,,,,,
way,48035640,,,,path,,Mount Lowe Railway Trail,,,hiking,,,,,,,,,,,,,,,,,,,,,,,,,,,,,,,,,,,,,,,,,,Echo Mountain Trail,,,,,,,,,,,,,,,,,,,,,,,
way,48035641,,,,path,,Lower Sam Merrill Trail,,,hiking,unpaved,,,,,,,,,,,,,,,,,,,,,,,,,,,,,,,,,,,,,,,,,,,,,,,,,,,,,,,,,,,,,,,,
way,48035868,,,,path,,N. Arroyo,,,hiking,dirt,good,,,,,,,,,,,,,,,,,,,,,,,,,,,,,,,,,,,,,,,,,,,,,,,,,,,,,,,,,,,,,,,
way,48036179,,,,footway,,,,,hiking,,,,,,,,,,,,,,,,,,,,,,,,,,,,,,,,,,,,,,,,,,,,,,,,,,,,,,,,,,,,,,,,,
way,48036277,,,,path,,,,,hiking,,,,,,,,,,,,,,,,,,,,,,,,,,,,,,,,,,,,,,,,,,,,,,,,,,,,,,,,,,,,,,,,,
way,48485217,,,,path,,Heaton Flat Trail,,,demanding_mountain_hiking,,,,,,,,,,,,,,,,,,,,,,,,,,,,,,,,,,,,,,,,,,,,,,,,,,,,,,,,,,,,,,,,,
way,48485335,,,,path,,Heaton Flat Trail,,,demanding_mountain_hiking,ground,,,,,,,,,,,,,,,,,,,,,,,,,,,,,,,,,,,,,,,,,,,,,,,,,,,,,,,,,,,,,,,,
way,48485336,,,,path,,,,,demanding_mountain_hiking,,,,,,,,,,,,,,,,,,,,,,,,,,,,,,,,,,,,,,,,,,,,,,,,,,,,,,,,,,,,,,,,,
way,48573625,,,,path,,East Fork Trail,,,mountain_hiking,ground,intermediate,,,,,,,,,,,,0.5,,,,,,,,,,,,,,,,,,,,,,,,,,,,,,,,,,,,,,,,,,,,,,,,,,,
way,48778347,,no,,path,,Rubio Canyon,,,hiking,,,,,,,,,,,,,,,,,,,,,,,,,,,,,,,,,,,,,,,,,,,,,,,,,,,,,,,,,,,,,,,,,
way,48842106,,,,path,,,,,mountain_hiking,,,,,,,,,,,,,,,,,,,,,,,,,,,,,,,,,,,,,,,,,,,,,,,,,,,,,,,,,,,,,,,,,
way,48842107,,,,path,,,,,alpine_hiking,,,,,,,,,,,,,,,,,,,,,,,,,,,,,,,,,,,,,,,,,,,,,,,,,,,,,,,,,,,,,,,,,
way,48842108,,,,path,,,,,demanding_mountain_hiking,,,,,,,,,,,,,,,,,,,,,,,,,,,,,,,,,,,,,,,,,,,,,,,,,,,,,,,,,,,,,,,,,
way,49830907,,,,path,,,,,hiking,,,,,,,,,,,,,,,,,,,,,,,,,,,,,,,,,,,,,,,,,,,,,,,,,,,,,,,,,,,,,,,,,
way,49830954,,,,path,,Castle Canyon Trail,,,hiking,,,,,,,,,,,,,,,,,,,,,,,,,,,,,,,,,,,,,,,,,,,,,,,,,,,,,,,,,,,,,,,,,
way,49894418,,,,path,,,,,hiking,,,,,,,,,,,,,,,,,,,,,,,,,,,,,,,,,,,,,,,,,,,,,,,,,,,,,,,,,,,,,,,,,
way,50532452,,,,path,,Fern Truck Trail,,2N66,hiking,dirt,,,,,,,,A41,"Los Angeles, CA",Fern Tktl;Fern Truck Trail;Fern Tktl,,,,,,,,,,,,,,,,,,,,,,,,,,,,,,,,,,,,,,,,,,,,,,,,,,,,,,
way,50532514,,yes,yes,path,yes,El Prieto Trail,,,hiking,dirt,,,,,,,,,,,,,,,,,,,,,,,,,,,,,,,,,,,,,,,,,,,,,,,,,,,,,,,,,,,,,,,,
way,50535812,,,yes,track,,,,,hiking,paved,,,no,,,,,,,,,grade1,,,,,,,,,,,,,,,,,,,,,,,,,,,,,,,,,,,,,,,,,,,,,,,,,,,,
way,50535814,,yes,,path,,Sunset Ridge Trail,,,hiking,ground,,,,,,,,,,,,,0.5,,,,,,,,,,,,,,,,,,,,,,,,,,,,,,,,,,,,,,,,,,,,,,,,,,,
way,56702011,,,,path,,Cleghorn Ridge Trail,,,mountain_hiking,ground,excellent,,,,,,,,,,,,,,,,,,,,,,,,,,,,USFS decommissioned this road (Hiking allowed),,,,,,,,,,,,,,,,,,,,,,,,,,,,,,,,,,,
way,59238909,,yes,yes,path,yes,Borrego Trail,,,hiking,unpaved,,,,,,,,,,,,,1,,,,,,,,,,,,,,no,,,,,,,,,,,,,,,yes,1,,,,,,,,,,,,,,,,,,,,,
way,59238912,,yes,yes,path,yes,Borrego Trail,,,hiking,sand,,,,,,,,,,,,,1,,,,,,,,,,,,,,no,,,,,,,,,,,,,,,,,10 mph,,,,,,,,,,,,,,,,,,,,
way,59238919,,yes,yes,path,yes,Borrego Canyon Trail,,,hiking,unpaved,,,,,,,,,,,,,1,,,,,,,,,,,,,,no,,,,,,,,,,,,,,,yes,1,,,,,,,,,,,,,,,,,,,,,
way,59238938,,yes,yes,path,yes,Borrego Canyon Trail,,,hiking,unpaved,,,,,,,,,,,,,1,,,,,,,,,,,,,,no,,Cyclist One-Way only (NE),,,,,,,,,,,,,,,,,,,,,,,,,,,,,,,,,,,
way,62354176,,no,designated,path,no,Blackjack Trail,,,hiking,dirt,,,no,,,,,,,,,,,,,,,,,,,,,,,,,,,,,,,,,,,,,no,,,,,,,,,,,,,,,,,,,,,,,,
way,62354180,,no,designated,path,no,Canyon Trail,,,hiking,ground,excellent,,,,,,,,,,,,,,,,,,,,,,,,,,,,,,,,,,,,,,,,,,,,,,,,,,,,,,,,,,,,,,,
way,70993491,,,,path,,Echo Glenn Drive Connector,,,hiking,gravel,,,,,,,,,,,,,6,,,,,,,http://assessormap.co.la.ca.us/Geocortex/Essentials/REST/sites/PAIS/VirtualDirectory/AssessorMaps/ViewMap.html?val=5842-012,,,,,,,,,,,,,,,,,,,,,,,,,,,,,,,,,,,,,,,,,,,,
way,70993495,,yes,yes,path,yes,Altadena Crest Trail,,,hiking,,,,no,,,,,,,,,,,,,,,,,,,,,,,,,,,,,https://trails.lacounty.gov/Trail/11/altadena-crest-trail,,,,,,,,,,,,,,,,,,,,,,,,,,,,,,,,
way,74436002,,no,,path,no,Round Valley Trail,,,hiking,unpaved,,,,,,,,,,,,,,,,,,,,survey,,,,,,,,,,,,,,,,,,,,,,,,,,,,,,,,,,,,,,,,,,,,
way,74458412,,,,path,,Peak Trail,,,hiking,unpaved,,,,,,,,,,,,,,,,,,,,USGS Topo,,,,,,,,,,,,,,,,,,,,,,,,,,,,,,,,,,,,,,,,,,,,
way,74458414,,,,path,,Wellman's Cienaga Trail,,,hiking,unpaved,,,,,,,,,,,,,,,,,,,,USGS Topo,,,,,,,,,,,,,,,,,,,,,,,,,,,,,,,,,,,,,,,,,,,,
way,74458417,,,,path,,Willow Creek Trail,,,hiking,unpaved,excellent,,,,,,,,,,,,,,,,,,,USGS Topo;USGS Geonames,,,,,,,,,partly revised from GPS tracklog,,,,,,,,,,,,,,,,,,,,,,,,,,,,,,,,,,,
way,74458420,,,,path,,Deer Springs Trail,,,hiking,unpaved,,,,,,,,,,,,,,,,,,,,USGS Topo,,,,,,,,,,,,,,,,,,,,,,,,,,,,,,,,,,,,,,,,,,,,
way,74458422,,,,path,,Round Valley Trail,,,hiking,unpaved,,,,,,,,,,,,,,,,,,,,USGS Topo,,,,,,,,,,,,,,,,,,,,,,,,,,,,,,,,,,,,,,,,,,,,
way,74458430,,,,path,,Peak Trail,,,hiking,unpaved,,,,,,,,,,,,,,,,,,,,USGS Topo,,,,,,,,,,,,,,,,,,,,,,,,,,,,,,,,,,,,,,,,,,,,
way,74458437,,,,path,,Peak Trail,,,hiking,unpaved,,,,,,,,,,,,,,,,,,,,USGS Topo,,,,,,,,,,,,,,,,,,,,,,,,,,,,,,,,,,,,,,,,,,,,
way,75100750,,,yes,path,,High Trail,,,hiking,unpaved,,,,,,,,,,,,,,,,,,,,USGS Topo,,,,,,,,,,,,,,,,,,,,,,,,,,,,,,,,,,,,,,,,,,,,
way,80215891,,,,path,,Iron Mountain Trail,,,demanding_mountain_hiking,,,,,,,,,,,,,,,,,,,,,,,,,,,,,,,,,,,,,,,,,,,,,,,,,,,,,,,,,,,,,,,,,
way,84197995,,,yes,path,,Devils Backbone Trail,United States Forest Service,7W05,mountain_hiking,ground,,,,,,,,,,,,,,,,,,,,,,,,,,,,,,,,,,,,,,,,,,,,,,,,,,,,,,,,,,,,,,,,
way,84513988,,,,path,,,,,demanding_mountain_hiking,,,,,,,,,,,,,,,,,,,,,,,,,,,,,,,,,,firebreak,,cutline,,,,,,,,,,,,,,,,,,,,,,,,,,,,,
way,84514505,,,,path,,Mount Wilson Trail,,,mountain_hiking,,,,,,,,,,,,,,,,,,,,,,,,,,,,,,,,,,,,,,,,,,,,,,,,,,,,,,,,,,,,,,,,,
way,84514847,,,,path,,Sturtevant Trail,,,hiking,dirt,,,,,,,,,,,,,,,,,,,,,,,,,,,,,,,,,,,,,,,,,,,,,,,,,,,,,,,,,,,,,,,,
way,84514849,,,,path,,Silver Moccasin Trail / Gabrielino Trail,,,hiking,,,,,,,,,,,,,,,,,,,,,,,,,,,,,,,,,,,,,,,,,,,,,,,,,,,,,,,,,,,,,,,,,
way,100946304,,no,,path,yes,Bear Canyon Trail,US Forest Service,5W09,hiking,,excellent,,no,,,,,,,,,,,,,,,,,,,,,,,,,,,,,,,,,,,,,,,,,,https://www.fs.usda.gov/recarea/cleveland/recarea/?recid=47586,,,,,,,,,,,,,,,,,,,
way,100946538,,no,,path,yes,Bear Ridge Trail,US Forest Service,5W09,hiking,,excellent,,,,,,,,,,,,,,,,,,,,,,,,,,,,,,,,,,,,,,,,,,,,,,,,,,,,,,,,,,,,,,,
way,105733150,,,yes,path,,Skyline Trail,,,demanding_mountain_hiking,unpaved,,,,,,,,,,,,,,,,,,,,GPS,,,,,Cactus to Clouds Trail,,,,,,,,,,,,,,,,,,,,,,,,,,,,,,,,,,,,,,,
way,106745357,,,yes,path,,North Lykken Trail,,,demanding_mountain_hiking,sand,good,,,,,,,,,,,,,,,,,,,,,,,,,,,,,,,,,,,,,,,,,,,,,,,,,,,,,,,,,,,,,,,
way,115939790,,,,path,,,,,mountain_hiking,ground,excellent,,,,,,,,,,,,,,,,,,,,,,,,,,,,,,,,firebreak,,,,,,,,,,,,,,,,,,,,,,,,,,,,,,,
way,115939791,,,,path,,Pigeon Ridge Firebreak,,,mountain_hiking,ground,excellent,,,,,,,,,,,,,,,,,,,,,,,,,,,,,,,,firebreak,,,,,,,,,,,,,,,,,,,,,,,,,,,,,,,
way,116065990,,yes,yes,path,yes,Altadena Crest Trail,,,mountain_hiking,,,,no,,,,,,,,,,,,,,,,,,,,,,,,,,,,,,,,,,,,,,,,,,https://trails.lacounty.gov/Trail/11/altadena-crest-trail,,,,,,,,,,,,,,,,,,,
way,116065995,,,,path,,,,,mountain_hiking,,,,,,,,,,,,,,,,,,,,,,,,,,,,,,,,,,,,,,,,,,,,,,,,,,,,,,,,,,,,,,,,,
way,116065996,,yes,yes,path,yes,Altadena Crest Trail,,,hiking,ground,,,no,,,,,,,,,,,,,,,,,,,,,,,,,,,,,,,,,,,,,,,,,,,,,,,,,,,,,,,,,,,,,
way,119409508,,,,path,,San Gabriel Peak Trail,,,demanding_mountain_hiking,,,,,,,,,,,,,,,,,,,,,,,,,,,,,,,,,,,,,,,,,,,,,,,,,,,,,,,,,,,,,,,,,
way,119409509,,,,path,,San Gabriel Peak Trail,,,demanding_mountain_hiking,,,,,,,,,,,,,,,,,,,,,,,,,,,,,,,,,,,,,,,,,,,,,,,,,,,,,,,,,,,,,,,,,
way,127125143,,no,designated,path,no,Mariposa Trail,,,hiking,ground,,,,,,,,,,,,,,,,,,,,,,,,,,,,,,,,,,,,,,,,,,,,,,,,,,,,,,,,,,,,,,,,
way,127292946,,no,designated,path,no,Sunflower Trail,,,hiking,ground,,,,,,,,,,,,,,,,,,,,,,,,,,,,,,,,,,,,,,,,,,,,,,,,,,,,,,,,,,,,,,,,
way,128962114,,,,path,,Waterman Mountain Trail,,,mountain_hiking,dirt,,,,,,,,,,,,,,,,,,,,,,,,,,,,,,,,,,,,,,,,,,,,,,,,,,,,,,,,,,,,,,,,
way,139838418,,yes,yes,track,yes,Mount Wilson Toll Road,,,hiking,unpaved,,,no,,,,,,,,,grade3,,,,,,,,cadastre,,,,,,,,,,,,,,,,,,,,,,,,,,,,,,,,,,,,,,,,,,,,
way,139902062,,no,,path,,Icehouse Canyon Trail,United States Forest Service,237W07A,hiking,unpaved,,,,,,,,,,,,,,,,,,,,,,,,,,,,,,,,,,,,,,,,,,,,,,,,,,,,,,,,,,,,,,,,
way,143668535,,no,,footway,no,,,,demanding_mountain_hiking,dirt,,,,,,,,,,,,,,,,,,,,,,,,,,,,,,,,,,yes,,,,,,,,,,,,,,,,,,,,,,,,,,,,,,
way,143668538,,no,,path,no,,,,demanding_mountain_hiking,,,,,,,,,,,,,,,,,,,,,,,,,,,,,,,,,,,yes,,,,,,,,,,,,,,,,,,,,,,,,,,,,,,
way,143668540,,,,footway,,,,,demanding_mountain_hiking,dirt,,,,,,,,,,,,,,,,,,,,,,,,,,,,,,,,,,,,,,,,,,,,,,,,,,,,,,,,,,,,,,,,
way,143668541,,no,,path,no,,,,demanding_mountain_hiking,,,,no,,,,,,,,,,,,,,,,,,,,,,,,,,,,,,,yes,,,,,,,,,,,,,,,,,,,,,,,,,,,,,,
way,143668546,,no,,footway,,,,,demanding_mountain_hiking,dirt,,,,,,,,,,,,,,,,,,,,,,,,,,,,,,,,,,yes,,,,,,,,,,,,,,,,,,,,,,,,,,,,,,
way,145655248,,,,path,,East Fork Trail,,,hiking,gravel,,,,,,,,,,,,,,,,,,,,,,,,,,,,,,,,,,,,,,,,,,,,,,,,,,,,,,,,,,,,,,,,
way,145655250,,,,path,,Bridge to Nowhere,,,hiking,concrete,,,,,,,,,,,,,,,,,,,,,,,,,,,,,,,,,,,,,,,,,,yes,1,,,,,,,,,,,,,,,,,,,,,
way,148771474,,,,path,,Allison Mine Trail,,,demanding_mountain_hiking,,,,,,,,,,,,,,,,,,,,,,,,,,,,,,,,,,,,,,,,,,,,,,,,,,,,,,,,,,,,,,,,,
way,148771475,,,,path,,Heaton Flat Trail,,,demanding_mountain_hiking,,,,,,,,,,,,,,,,,,,,,,,,,,,,,,,,,,,,,,,,,,,,,,,,,,,,,,,,,,,,,,,,,
way,148771496,,,,path,,Allison Gulch Trail,,,demanding_mountain_hiking,ground,,,,,,,,,,,,,,,,,,,,,,,,,,,,,,,,,,,,,,,,,,,,,,,,,,,,,,,,,,,,,,,,
way,149848316,,,,path,,Bear Canyon Trail,,,mountain_hiking,unpaved,excellent,,,,,,,,,,,,.5,,,,,,,,,,,,,,,,,,,,,,,,,,,,,,,,,,,,,,,,,,,,,,,,,,,
way,153109794,,,,path,,,,,hiking,unpaved,,,,,,,,,,,,,,,,,,,,,,,,,,,,,,,,,,,,,,,,,,,,,,,,,,,,,,,,,,,,,,,,
way,153110714,,yes,yes,track,,Prima Desecha Trail,,,hiking,dirt,,,no,,,,,,,,,,,,,,,,,,,,,,,,,,,,,,,,,,,,,,,,,,,,,,,,,,,,,,,,,,,,,
way,153110716,,yes,yes,track,,Las Ramblas Trail,,,hiking,dirt,,,no,,,,,,,,,,,,,,,,,,,,,,,,,,,,,,,,,,,,,,,,,,,,,,,,,,,,,,,,,,,,,
way,153111590,,yes,yes,track,,Prima Desecha Trail,,,hiking,unpaved,,,no,,,,,,,,,grade2,4,leashed,,,,,,,,,,,,,no,no,,,,,,,,,,,,,,,,,,,,,,,,,,,,,,,,,,,,
way,153111751,,,,path,,Millard Falls Trail,,,hiking,dirt,excellent,,,,,,,,,,,,1,,,,,,,,,,,,,,,,,,,,,,,,,,,,,,,,,,,,,,,,,,,,,,,,,,,
way,158294392,,no,designated,track,no,The Lake Trail,,,hiking,gravel,,,no,,,,,,,,,grade3,,,,,,,,,,,,,,,,,,,,,,,,,,,,,,,,,,,,,,,,,,,,,,,,,,,,
way,158300387,,no,designated,path,no,,,,hiking,unpaved,,,,,,,,,,,,,,,,,,,,,,,,,,,,,,,,,,,,,,,,,,,,,,,,,,,,,,,,,,,,,,,,
way,160373414,,yes,yes,path,yes,North Ridge Trail,,,hiking,dirt,excellent,,no,,,,bad,,,,,,,leashed,,,,no,,,,,,,,,,,,,,,,,,common,no,,,no,,,,,,,,,,,,,,,,,,,,,,,,
way,164371765,,no,yes,path,no,Register Ridge,,,demanding_mountain_hiking,unpaved,intermediate,,,,,,,,,,,,,,,,,,,,,,,,,,,,,,,,,,,,,,,,,,,,,,,,,,,,,,,,,,,,,,,
way,165215374,,,,path,,El Prieto Trail,,2N65,hiking,dirt,,,,,,,,,,,,,,,,,,,,usgs_imagery;survey;image;USFS,,,,AM909_DSCV3030,,,,,,,,,,,,,,,,,,,,,,,,,,,,,,,,,,,,,,,,
way,165215375,,,,path,,,,,mountain_hiking,dirt,,,,,,,,,,,,,,,,,,no,,,no,,,,,,,,,,,,,,,,,,,,,,,,,no,,,,,,,,,,,,,,,,,,
way,165216655,,,,path,,,,,hiking,,,,,,,,,,,,,,,,,,,,,,,,,,,,,,,,,,,,,,,,,,,,,,,,,,,,,,,,,,,,,,,,,
way,165929035,,yes,yes,path,yes,Upper Sam Merrill Trail,,,hiking,dirt,,,no,,,,,,,,,,,,,,,,,,,no,,,,,,,,,,,,,,,,,,,,,,,,,yes,,,,,,,,,,,,,,,,,
way,170815057,,no,designated,path,no,Wood Creek Trail,,,mountain_hiking,dirt,,,,,,,,,,,,,,,,,,,,,,,,,,,,,,,,,,,,,,,,no,,,,,,,,,,,,,,,,,,,,,,,,
way,170815058,,no,designated,path,no,Wood Creek Trail,,,mountain_hiking,dirt,,,,,,,,,,,,,,,,,,,,,,,,,,,,,,,,,,,,,,,,no,,yes,,,,,,,,,,,,,,,,,,,,,,
way,171048913,,,,track,,Fire Road,,,hiking,,,,,,,,,,,,,,,,,,,,,,,,,,,,,,,,,,,,,,,,,,,,,,,,,,,,,,,,,,,,,,,,,
way,174398940,,yes,yes,path,yes,Altadena Crest Trail,,,hiking,ground,,,no,,,,,,,,,,,,,,,,,,,,,,,,,,,,,https://trails.lacounty.gov/Trail/11/altadena-crest-trail,,,,,,,,,,,,,,,,,,,,,,,,,,,,,,,,
way,174398942,,,,path,,,,,hiking,,,,,,,,,,,,,,,,,,,,,,,,,,,,,,,,,,,,,,,,,,,,,,,,,,,,,,,,,,,,,,,,,
way,174915322,,,,path,,Bailey Canyon Trail,,,mountain_hiking,,,,,,,,,,,,,,,,,,,,,,,,,,,,,,,,,,,,,,,,,,,,,,,,,,,,,,,,,,,,,,,,,
way,175012370,,yes,yes,path,yes,Altadena Crest Trail,,,hiking,ground,,,no,,,,,,,,,,,,,,,,,,,,,,,,,,,,,https://trails.lacounty.gov/Trail/11/altadena-crest-trail,,,,,,,,,,,,,,,,,,,,,,,,,,,,,,,,
way,175920363,,,,track,,Mount Lowe Motorway,,FR 2N50,hiking,unpaved,,,,,,,,,"Los Angeles, CA",Mount Lowe,Mtwy,grade3,,,,,,,,cadastre,,,,,,,,,,,,,,,,,,,,,,,,,,,,,,,,,,,,,,,,,,,,
way,178062347,,,,path,,,,,hiking,,,,,,,,,,,,,,,,,,,,,,,,,,,,,,,,,,,,,,,,,,,,,,,,,,,,,,,,,,,,,,,,,
way,178426128,,yes,,path,,Middle Sam Merrill Trail,,,hiking,,excellent,,,3,3,,,,,,,,,,,,,,,,,,,,,,,,,,,,,,,,,,,,,,,,,,,,,,,,,,,,,,,,,,,
way,179227181,,no,,path,,Chapman Trail,United States Forest Service,237W07,hiking,unpaved,,,,,,,,,,,,,,,,,,,,,,,,,,,,,,,,,,,,,,,,,,,,,,,,,,,,,,,,,,,,,,,,
way,180594078,,no,,path,,Ontario Peak Trail,United States Forest Service,237W08,hiking,unpaved,,,,,,,,,,,,,,,,,,,,,,,,,,,,,,,,,,,,,,,,,,,,,,,,,,,,,,,,,,,,,,,,
way,182888567,,yes,yes,footway,,,,,hiking,unpaved,good,,,,,,,,,,,,,,,,,,,,,,,,,,,,,,,,,,,,,,,no,,,,,,,,,,,,,,,,,,,,,,,,
way,186078776,,no,,path,,Experimental Garden Kite Hill Expanse,,,mountain_hiking,,,,,,,,,,,,,,,leashed,,,,,,,,,,,,,,,,,,,,,,,,,,,,,,,,,,,,,,,,,,,,,,,,,,
way,186845604,,,,path,,,,,mountain_hiking,ground,,,,,,,,,,,,,,,,,,,,,,,,,,,,,,,,,,,,,,,,,,,,,,,,,,,,,,,,,,,,,,,,
way,194226030,,,,path,,,,,mountain_hiking,ground,excellent,,,,,,,,,,,,4,,,,,,,,,,,,,,,,,,,,firebreak,,cutline,,,,,,,,,,,,,,,,,,,,,,,,,,,,,
way,204081829,,no,,path,,Middle Fork Trail,,6W01.2,hiking,dirt,,,,,,,,,,,,,,,,,,,,,,,,,,,,,,,,,,,,,,,,,,,,,,,,,,,,,,,,,,,,,,,,
way,204081833,,,,path,,Middle Fork Trail,,6W01.1,hiking,dirt,,,,,,,,,,,,,,,,,,,,,,,,,,,,,,,,,,,,,,,,,,,,,,,,,,,,,,,,,,,,,,,,
way,204865857,,,,path,,Sturtevant Trail / Gabrielino Trail / Silver Moccasin Trail,,,hiking,dirt,,,,,,,,,,,,,,,,,,,,,,,,,,,,,,,,,,,,,,,,,,,,,,,,,,,,,,,,,,,,,,,,
way,215677744,,,,path,,,,,demanding_mountain_hiking,unpaved,,,,,,,,,,,,,,,,,,,,bing_imagery,,,,,,,,,,,,,,,,,,,,,,,,,,,,,,,,,,,,,,,,,,,,
way,215683780,,,,path,,,,,demanding_mountain_hiking,dirt,,steep,,,,,,,,,,,,,,,,,,bing_imagery,,,,,,,,,,,,,,,,,,,,,,,,,,,,,,,,,,,,,,,,,,,,
way,227895204,,,,path,,,,,hiking,,,,,,,,,,,,,,,,,,,,,,,,,,,,,,,,,,,yes,,,,,,,,,,,,,,,,,,,,,,,,,,,,,,
way,227895209,,no,yes,path,yes,Eaton Canyon Trail,,,hiking,ground,,,no,,,,,,,,,,,,,,,,,GPS,,,,,,,,,,,,,,,,,,,,,,,,,,,,,,,,,,,,,,,,,,,,
way,227895210,,no,yes,path,yes,Eaton Canyon Trail,,,hiking,ground,,,no,,,,,,,,,,,,,,,,,,,,,,,,,,,,,,,,,,,,,,,,,,,,,,,,,,,,,,,,,,,,,
way,228175612,,no,,path,,Three Ts Trail,United States Forest Service,7W06,hiking,unpaved,,,,,,,,,,,,,,,,,,,,,,,,,,,,,,,,,,,,,,,,,,,,,,,,,,,,,,,,,,,,,,,,
way,228175633,,no,,path,,Timber Mountain Trail,,237W06B,hiking,unpaved,,,,,,,,,,,,,,,,,,,,,,,,,,,,,,,,,,,,,,,,,,,,,,,,,,,,,,,,,,,,,,,,
way,228175637,,no,,path,,Telegraph Peak Trail,,237W06A,hiking,unpaved,,,,,,,,,,,,,,,,,,,,,,,,,,,,,,,,,,,,,,,,,,,,,,,,,,,,,,,,,,,,,,,,
way,239378023,,yes,yes,path,yes,Carbon Canyon Creek Nature Trail,,,hiking,dirt,excellent,,no,,,,bad,,,,,,,leashed,,,,no,,,,,,,,,,,,,,,,,,common,no,,,no,,,,,,,,,,,,,,,,,,,,,,,,
way,239378379,,yes,yes,path,yes,Redwood Trail,,,hiking,dirt,excellent,,no,,,,bad,,,,,,,leashed,,,,no,,,,,,,,,,,,,,,,,,common,no,,,no,,,,,,,,,,,,,,,,,,,,,,,,
way,239378380,,yes,yes,path,yes,Bell's Vireo Trail,,,hiking,dirt,excellent,,no,,,,bad,,,,,,,leashed,,,,no,,,,,,,,,,,,,,,,,,common,no,,,no,,,,,,,,,,,,,,,,,,,,,,,,
way,239378381,,yes,yes,path,yes,,,,hiking,dirt,excellent,,no,,,,bad,,,,,,,leashed,,,,no,,,,,,,,,,,,,,,,,,common,yes,,,limited,,,,,,,,,,,,,,,,,,,,,,,,
way,239378382,,yes,yes,path,yes,Coyote Pass,,,hiking,dirt,excellent,,no,,,,bad,,,,,,,leashed,,,,no,,,,,,,,,,,,,,,,,,common,no,,,no,,,,,,,,,,,,,,,,,,,,,,,,
way,239378385,,yes,yes,path,yes,Fire Road,,,hiking,dirt,excellent,,no,,,,bad,,,,,,,leashed,,,,no,,,,,,,,,,,,,,,,,,common,no,,,no,,,,,,,,,,,,,,,,,,,,,,,,
way,239829421,,no,,footway,no,Easy Street Trail,,,hiking,dirt,excellent,,,,,,bad,,,,,,,leashed,,,,no,,,,,,,,,,,,,,,,,,common,no,,,no,,,,,,,,,,,,,,,,,,,,,,,,
way,243013448,,,,path,,Firebreak,,,hiking,,,,,,,,,,,,,,,,,,,,,,,,,,,,,,,,,,,,,,,,,,,,,,,,,,,,,,,,,,,,,,,,,
way,243013449,,yes,yes,path,yes,Idlehour Trail,,12W16,hiking,unpaved,,,,,,,,,,,,,,,,,,,,,,no,,,,,,,,,,,,,,,,,,,,,,,,,,,,,,,,,,,,,,,,,,
way,243013450,,,,path,,Lone Tree Trail,,,mountain_hiking,,,,,,,,,,,,,,,,,,,,,,,,,,,,,,,,,,,,,,,,,,,,,,,,,,,,,,,,,,,,,,,,,
way,243013458,,,,path,,Camp Huntington Trail,,,hiking,,,,,,,,,,,,,,,,,,,,,,,,,,,,,,,,,,,,,,,,,,,,,,,,,,,,,,,,,,,,,,,,,
way,243013460,,no,,path,no,Lone Tree Pavilion Trail,,,demanding_mountain_hiking,dirt,intermediate,,,,,,,,,,,,.5,,,,,,,,,,,,,,,,,,,,,,,,,,,,,,,,,,,,,,,,,,,,,,,,,,,
way,243229428,,,,path,,,,,mountain_hiking,ground,good,,,,,,,,,,,,,,,,,,,Bing,,,,,,,,,,,,,,,,,,,,,,,,,,,,,,,,,,,,,,,,,,,,
way,243229432,,,,path,,,,,hiking,ground,excellent,,,,,,,,,,,,,,,,,,,Bing,,,,,,,,,,,,,,,,,,,,,,,,,,,,,,,,,,,,,,,,,,,,
way,256265857,,,,path,,Old Echo Montain Trail,,,demanding_mountain_hiking,,,,,,,,,,,,,,,,,,,,,,,,,,,,,,,,,,,,,,,,,,,,,,,,,,,,,,,,,,,,,,,,,
way,260698470,,,,track,,Chantry Flats Truck Trail,,,hiking,unpaved,,,,,,,,,"Los Angeles, CA",Chantry Flats Truck Trail,,grade2,,,,,,,,,,,,,,,,,,,,,,,,,,,,,Forest Route 11W20,,,,,,,Forest Route 11W20,,,,,,,,,,,,,,,,
way,263405298,,,,path,,,,,hiking,,,,,,,,,,,,,,,,,,,,,,,,,,,,,,,,,,,,,,,,,,,,,,,,,,,,,,,,,,,,,,,,,
way,284340602,,no,yes,path,,Tenaja Trail,US Forest Service,5W07,hiking,unpaved,excellent,,,,,,,,,,,,1,,,,,,,,,,,,,,,,,,,,,,,,,,,,,,,,,,,,,,,,,,,,,,,,,,,
way,284340962,track,yes,,path,yes,Fisherman's Camp Trail,US Forest Service,5W11,hiking,,excellent,,,,,,,,,,,,1,,,,,,,Bing,,,,,,,,,,,,,,,,,,,,,,,,,,,,,,,,,,,,,,,,,,,,
way,284342029,,,,path,,Tenaja Trail,US Forest Service,,hiking,dirt,excellent,,,,,,,,,,,,1,,,,,,,personal gps tracks;Bing,,,,,,,,,,,,,,,,,,,,,,,,,,,,,Current USFS maps show this as 5W05 San Mateo Trail. Verify signage on the ground.,,,,,,,,,,,,,,,
way,285596289,,,,path,,Devils Backbone Trail,,,hiking,unpaved,,,,,,,,,,,,,,,,,,,,,,,,,,,,,,,,,,,,,,,,,,,,,,,,,,,,,,,,,,,,,,,,
way,288230467,,,,track,,Blue Gum Drive,,,mountain_hiking,unpaved,bad,,yes,,,,,,,,,,,,,,,,,,,,,,,,,,,,,,,,,,,,,,,,,,,,,,,Lake Elsinore,18240,92532,Blue Gum Dr,,,,,,,,,,,
way,291715947,,,,path,,Redonda Ridge Trail,,1W17,hiking,dirt,excellent,,,,,,,,,,,,,,,,,,,Bing,,,,,,yes,,yes,,,,,,,,,,,,,,,,,,,,,,,,,,,,,,,,,,,,
way,293480792,,,yes,path,,Pacific Crest National Scenic Trail #2000,,PCT,mountain_hiking,unpaved,good,,,,,,,,,,,,0.5,,,,,,,GPS,,,,,Pacific Crest Trail,,,,,,,,,,,,,,,,,,,,,,,,,,,,,,,,,,,,,,,
way,293546344,,,,path,,North Fork Meadows Trail,,1W05.3,mountain_hiking,ground,,,,,,,,,,,,,,,,,,,,USGS TOPO MAP,,,,,,,,,needs to be surveyed,,,,,,,,,,,,,,,,,,,,,,,,,North Fork Meadows Trail,,,,,,,,,,
way,298447983,,,,path,,Old Echo Mountain Trail,,,hiking,,,,,,,,,,,,,,,,,,,,,,,,,,,,,,,,,,,,,,,,,,,,,,,,,,,,,,,,,,,,,,,,,
way,302655120,,,,path,,Bastard Ridge,,,demanding_mountain_hiking,,,,,,,,,,,,,,,,,,,,,,,,,,,,,,,,,,,,,,,,,,,,,,,,,,,,,,,,,,,,,,,,,
way,303501527,,no,,path,no,Islip Wawona Trail,,,hiking,unpaved,excellent,,,,,,,,,,,,.5,,,,,,,,,,,,,,,,,,,,,,,,,,,,,,,,,,,,,,,,,,,,,,,,,,,
way,310894329,,,,path,,,,,hiking,,,,,,,,,,,,,,,,,,,,,,,,,,,,,,,,,,,,,,,,,,,,,,,,,,Add specific path,,,,,,,,,,,,,,,
way,310897369,,,,path,,Mount Wilson Trail,,,mountain_hiking,,,,,,,,,,,,,,,,,,,,,,,,,,,,,,,,,,firebreak,,cutline,,,,,,,,,,,,,,,,,,,,,,,,,,,,,
way,310897370,,,,path,,Mount Wilson Trail,,,mountain_hiking,,,,,,,,,,,,,,,,,,,,,,,,,,,,,,,,,,,,,,,,,,,,,,,,,,,,,,,,,,,,,,,,,
way,312156611,,,yes,path,,Skyline Trail,,,demanding_mountain_hiking,unpaved,,,,,,,,,,,,,,,,,,,,GPS,,,,,Cactus to Clouds Trail,,,,,,,,,,,,,,,,,,,,,,,,,,,,,,,,,,,,,,,
way,312156612,,,yes,path,,Skyline Trail,,,demanding_mountain_hiking,unpaved,,,,,,,,,,,,,,,,,,,,GPS,,,,,Cactus to Clouds Trail,,,,,,,,,,,,,,,,,,,,,,,,,,,,,,,,,,,,,,,
way,313027184,,,yes,path,,,,,demanding_mountain_hiking,ground,intermediate,,,,,,,,,,,,,,,,,,,,,,,,,,,,,,,,,,,,,,,,,,,,,,,,,,,,,,,,,,,,,,,
way,326504350,,,,path,,Jim Spencer trail,,,hiking,,,,,,,,,,,,,,,,,,,,,,,,,,,,,,,,,,,,,,,,,,,,,,,,,,,,,,,,,,,,,,,,,
way,330735476,,yes,yes,path,,Skyline Trail,,1E12,hiking,dirt,intermediate,,,2,,1,,,,,,,1,,,,,,,,,,,,,,,,,,,,,,,,,,,,,,,,,,,,,,,,,,,,,,,,,,,
way,330751187,,,,path,,Sugarloaf National Recreational Trail,,2E18.1,mountain_hiking,dirt,,up,,3,3,2,,,,,,,1,,,,,,,Bing;Strava,,,,,,,,,,,,,,,,,,,,,,,,,,,,,,,,,,,,,,,,,,,,
way,330873574,,,,path,,Skyline Trail,,1E12,hiking,dirt,excellent,,,2,2,,,,,,,,,,,,,,,Strava;Bing,,,,,,,,,,,,,,,,,,,,,,,,,,,,,,,,,,,,,,,,,,,,
way,330873583,,,,path,,Skyline Trail,,1E12,hiking,dirt,,,,1,,0,,,,,,,0.5,,,,,,,Strava;Bing,,,,,,,,,,,,,,,,,,,,,,,,,,,,,,,,,,,,,,,,,,,,
way,330873600,,yes,yes,path,yes,Fall Line,,1E30,mountain_hiking,,excellent,,no,2,,,,,,,,,1,,,,,,,Strava;Bing;strava,,,,,,,,,,,,,,,,,,,,,,,,,,,,,,,,,,,,,,,,,,,,
way,333375794,,no,,path,,Cougar Ridge,,,mountain_hiking,dirt,,-20%,,,,,,,,,,,1,,,,,,,Bing;USGS,,,,,,,,,,,,,,,,,,,,,,,,,,,,,,,,,,,,,,,,,,,,
way,335697726,,,,path,,Woodland Interpretive Trail 1E23,USDA Forest Service,1E23,hiking,dirt,excellent,300'_over_1.5_miles,,,,,,,,,,,,,,,,,,Strava;USGS,,,,,,,,,,,,"The 1Â½ mile long trail is considered easy and is mostly 
flat with some short ups and downs.  It takes 45 minutes to an hour to hike the trail. An Adventure Pass is required to park at the Woodland Trail trailhead.",,,,,,,,,,,,,,,,,,,,,,,1.5 Miles,,,,,,,,,
way,335698339,track,,,path,,,,,mountain_hiking,dirt,excellent,up,,3,3,2,,,,,,,1,,,,,,,Strava;USGS,,,,,,,,,,,,,,yes,,,,,,,,,,,,,,,,,,,,,,,,,,,,,,
way,345755775,,no,,path,no,,,,demanding_mountain_hiking,earth,horrible,up,,,2,,,,,,,,,,,,,,,,,,,,,,,,,,,,,,,,,,,,,,,,,,,,,,,,,,,,,,,,,,,
way,345759552,,,,path,,,,,mountain_hiking,earth,intermediate,up,,,2,,,,,,,,,,,,,,,,,,,,,,,,,,,,,,,,,,,,,,,,,,,,,,,,,,,,,,,,,,,
way,353558905,,,,path,,,,,hiking,,,,,,,,,,,,,,,,,,,,,,,,,,,,,,,,,,,,,,,,,,,,,,,,,,,,,,,,,,,,,,,,,
way,353939462,,no,yes,path,yes,Gilman Trail,,,hiking,dirt,excellent,,no,,,,bad,,,,,,,leashed,,,,no,,,,,,,,,,,,,,,,,,common,no,,,no,,,,,,,,,,,,,,,,,,,,,,,,
way,360064898,,,yes,path,,Sunset Peak Shortcut,,,demanding_mountain_hiking,dirt,excellent,,,,,,,,,,,,,,,,,,,,,,,,,,,,,,,,,,,,,,,,,,,,,,,,,,,,,,,,,,,,,,,
way,360064899,,,yes,path,,Sunset Peak Shortcut,,,demanding_mountain_hiking,dirt,excellent,,,,,,impassable,,,,,,,,,,,,,,,,,,,,,,,,,,firebreak,yes,,,,,,,,,,,,,,,,,,,,,,,,,,,,,,
way,361501590,,no,yes,path,no,,,,hiking,dirt,,,no,,,,,,,,,,1,,,,,no,,,,,,,,,,,,,,,,yes,,,,,,,,,,,,,,,,,,,,,,,,,,,,,,
way,370383100,,no,,path,no,,,,demanding_mountain_hiking,unpaved,intermediate,yes,,6,,5,,,,,,,,,,,,,,,,,,,,,,,,,,,,,,,,,,,,,,,,,,,,,,,,,,,,,,,,,,
way,379666193,,no,yes,path,no,Gooseberry Motorway,,Old Edison Road,demanding_mountain_hiking,,bad,,,,,,,,,,,,,,,,,,,LA County Fire Maps of Altadena,,,,,,,,,,,,,,,,,,,,,,,,,,,,,,,,,,,,,,,,,,,,
way,389721716,,,,path,,Fish Canyon Falls Public Access Path,,,hiking,unpaved,excellent,,,,,,,,,,,,,,,,,,,,,,,,,,,,,,,,,,,,,,,,,,,,,,no,,,,,,,,,,,,,,,,,
way,392613008,,,,path,,East Fork Trail,,,hiking,wood,,,,,,,,,,,,,1,,,,,,,,,,,,,,,,,,,,,,,,,,,,,yes,1,,,,,,,,,,,,,,,,,,,,,
way,392613009,,,,path,,East Fork Trail,,,mountain_hiking,ground,,,,,,,,,,,,,0.5,,,,,,,,,,,,,,,,,,,,,,,,,,,,,,,,,,,,,,,,,,,,,,,,,,,
way,392721590,,yes,yes,path,,Upper Colby Trail,,,demanding_alpine_hiking,,,,no,,,,,,,,,,0.5,,,,,,,,,,,,,,,,,,,,,,,,,,,,,,,,,,,,,,,,,,,,,,,,,,,
way,401870277,,,,path,,Burkhart Trail,,,hiking,dirt,excellent,,,,,,,,,,,,,,,,,,,,,,,,High Desert National Recreation Trail,,,,,,,,,,,,,,,,,,,,,,,,,,,,,,,,,,,,,,,
way,407703937,track,no,yes,path,yes,Verdugo Trail,US Forest Service,6W12,hiking,,excellent,,,,,,,,,,,,,,,,,,,,,,,,Forest Route 7S06,,,,,,,,,,,,,,,,,,,,,,,,,,,,,,,Verdugo Truck Trail,,,,,,,,
way,422097176,,,,path,,Cram Peak Ridge Trail,,,mountain_hiking,,intermediate,,,,,,,,,,,,,,,,,,,,,,,,,,,,,,,,,yes,,,,,,,,,,,,,,,,,,,,,,,,,,,,,,
way,431589071,,,,path,,,,,mountain_hiking,,intermediate,,,,,,,,,,,,,,,,,,,,,,,,,,,,,,,,,,,,,,,,,,,,,,,,,,,,,,,,,,,,,,,
way,444936627,,,,path,,Icehouse Canyon Trail,,,hiking,wood,,,,,,,,A51,"San Bernardino, CA",,,,,,,,,,,,,,,,,,,,,,,,,,,,,,,,,yes,1,,,,,,,,,,,,,,,,,,,,,
way,444936628,,,yes,path,,Icehouse Canyon Trail,,,hiking,unpaved,,,,,,,,A51,"San Bernardino, CA",,,,,,,,,,,,,,,,,,,,,,,,,,,,,,,,,,,,,,,,,,,,,,,,,,,,,,,
way,445433296,,,,path,,Skyline Trail,,1E12,hiking,dirt,excellent,,,2,2,1,,,,,,,0.5,,,,,,,Strava;Bing,,,,,,,,,,,,,,,,,,,,,,,,,,,,,,,,,,,,,,,,,,,,
way,445604584,track,no,,path,yes,Bear Canyon Trail,US Forest Service,5W09,hiking,,excellent,,no,,,,,,,,,,,,,,,,,,,,,,,,,,,,,,,,,,,,,,,,,,,,,,,,,,,,,Verdugo Truck Trail,Verdugo Truck Trail,,,,,,,
way,475566443,,no,,path,no,Holly Trail Path,,,hiking,dirt,,up,no,,,,,,,,,,1.5,,,,,,,,,,,,,,,,,,,,,,,,,,,,,,,,,,,,,,,,,,,,,,,,,,,
way,477777711,,,,path,,Mt. Lowe Firebreak,,LA,demanding_mountain_hiking,,horrible,,,,,,,,,,,,,,,,,,,,,,,,,,,,,,,,firebreak,,cutline,,,,,,,,,,,,,,,,,,,,,,,,,,,,,
way,481693239,,destination,destination,path,no,,,,hiking,compacted,intermediate,10%,no,1,,0,,,,,,,.5,,,,,,,,,,,,,,,,,,,,,,,,,,,,,,,,,,destination,,,,,,,,,,,no,,,,,,
way,483112511,,no,,path,,Indian Springs Trail,,,mountain_hiking,dirt,excellent,,,,,,,,,,,,,,,,,,,,,,,,,,,,,,,,,,,,,,,,,,,,,,,,,,,,,,,,,,,,,,,
way,483112530,,,yes,footway,permissive,Chaparrosa Peak Trail,,,hiking,ground,excellent,,,,,,,,,,,,,,,,,,,,,,,,,,,,,,,,,,,,,,,,,,,,,,no,,,,,,,,,,,,,,,,,
way,490434787,,,,track,,,,,hiking,unpaved,,,,,,,,,,,,,,,,,,,,,,,,,,,,,,,,,,,,,,,,,,,,,,,,,,,,,,,,,,,,,,,,
way,490520451,,,,path,yes,Rancho Capistrano Trail,,,mountain_hiking,,excellent,,,,,,,,,,,,,,,,,,,,,,,,,,,,,,,,,,,,,,,,,,,,,,,,,,,,,,,,,,,,,,,
way,490520453,,,,path,yes,San Mateo Peak Trail,,,mountain_hiking,,excellent,,,,,,,,,,,,,,,,,,,,,,,,,,,,,,,,,,,,,,,,,,,,,,,,,,,,,,,,,,,,,,,
way,490520456,,,,track,yes,,,,hiking,,excellent,,,,,,,,,,,,,,,,,,,,,,,,,,,,,,,,,,,,,,,,,,,,,,,,,,,,,,,,,,,,,,,
way,490520457,,,,path,yes,,,,hiking,,good,,,,,,,,,,,,,,,,,,,,,,,,,,,,,,,,,,,,,,,,,,,,,,,,,,,,,,,,,,,,,,,
way,490520458,,,,path,yes,,,,hiking,,good,,,,,,,,,,,,,,,,,,,,,,,,,,,,,,,,,,,,,,,,,,,,,,,,,,,,,,,,,,,,,,,
way,490520459,,,,path,yes,,,,hiking,,good,,,,,,,,,,,,,,,,,,,,,,,,,,,,,,,,,,,,,,,,,,,,,,,,,,,,,,,,,,,,,,,
way,511624854,,,,path,,,,,hiking,,,,,,,,,,,,,,,,,,,,,,,,,,,,,,,,,,,,,,,,,,,,,,,,,,,,,,,,,,,,,,,,,
way,511624855,,,,path,,,,,hiking,,,,,,,,,,,,,,,,,,,,,,,,,,,,,,,,,,,,,,,,,,,,,,,,,,,,,,,,,,,,,,,,,
way,511624856,,,,path,,,,,hiking,,,,,,,,,,,,,,,,,,,,,,,,,,,,,,,,,,,,,,,,,,,,,,,,,,,,,,,,,,,,,,,,,
way,517775139,,,,path,,,,,hiking,,,,,,,,,,,,,,,,,,,,,,,,,,,,,,,,,,,,,,,,,,,,,,,,,,,,,,,,,,,,,,,,,
way,519180794,,yes,yes,path,no,Catalina Verdugo Trail,,,hiking,ground,excellent,,no,1,1,0,,,,,,,1,,,,,,,,,,,,,,,,,,,,,,,,,,,,,,,,https://www.glendaleca.gov/home/showdocument?id=11677,,,,,,,,,,,,,,,,,,,
way,520609621,,,,path,,,,,demanding_mountain_hiking,,,,,,,,,,,,,,,,,,,,,,,,,,,,,,,,,,,yes,,,,,,,,,,,,,,,,,,,,,,,,,,,,,,
way,529788284,,,,path,,,,,hiking,,,,,,,,,,,,,,,,,,,,,,,,,,,,,,,,,,,,,,,,,,,,,,,,,,,,,,,,,,,,,,,,,
way,534316892,,,,path,,,,,demanding_mountain_hiking,ground,,30,,,,,,,,,,,,,,,,,,,,,,,,,,,,,,,,yes,,,,,,,,,,,,,,,,,,,,,,,,,,,,,,
way,538119225,,,,path,,Falls Canyon  Trail,,,mountain_hiking,dirt,good,up,,,,,,,,,,,,,,,,,,,,,,,,,,,,,,,,,,,,,,,,,,,,,,,,,,,,,,,,,,,,,,
way,561008239,,,yes,path,,Bradford Ridge Path,,,hiking,dirt,,,,,,,,,,,,,,,,,,,,,,,,,,,,,,,,,,,,,,,,,,,,,,,,,,,,,,,,,,,,,,,,
way,561694190,,,,track,,Lookout Spur,,FR 2N11B,hiking,dirt,,,,,,,very_bad,,,,,grade3,,,,,,,,strava,,,,,,,,,,,,,,,,,,,,,,,,,,,,,,,,,,,,,,,,,,,,
way,588789203,,,,path,,,,,hiking,unpaved,,,,,,,,,,,,,,,,,,,,bing_imagery,,,,,,,,,,,,,,,,,,,,,,,,,,,,,,,,,,,,,,,,,,,,
way,610885479,,,,path,,Old Sugarloaf Peak Trail,,,demanding_mountain_hiking,unpaved,intermediate,,,,,,,,,,,,,,,,,,,,,,,,,,,,,,,,,,,,,,,,,,,,,,,,,,,,,,,,,,,,,,,
way,610887446,,,,path,,,,,hiking,dirt,good,,,,,,,,,,,,,,,,,,,,,,,,,,,,,,,,,,,,,,,,,,,,,,,,,,,,,,,,,,,,,,,
way,624272253,,,,path,,,,,mountain_hiking,,good,,,,,,,,,,,,,,,,,,,,,,,,,,,,,,,,,,,,,,,,,,,,,,,,,,,,,,,,,,,,,,,
way,639206293,,,,path,,Tom Sloan Trail,,,hiking,,,,,,,,,,,,,,,,,,,,,,,,,,,,,,,,,,,,,,,,,,,,,,,,,,,,,,,,,,,,,,,,,
way,642448105,,yes,yes,path,yes,Diemer Trail,,,hiking,dirt,excellent,,no,,,,bad,A41,"Orange, CA",Telegraph Canyon,Rd,,,leashed,,,,no,,,,,,,,,,,,,,,,,,common,no,,,no,,,,,,,,,,,,,,,,,,,no,,,,,
way,642788386,,,,path,,,,,hiking,,,,,,,,,,,,,,,,,,,,,,,,,,,,,,,,,,,,,,,,,,,,,,,,,,,,,,,,,,,,,,,,,
way,647444797,,no,yes,path,permissive,Pipes Canyon Trail,,,hiking,ground,good,,no,,,,,A41,"San Bernardino, CA",Pipes,Rd,,,,,,,,,,,,,,,,,,,,,,,,,,,,,,,,,,,,no,,,,,,,,,,,,,,,,,
way,660984555,,,,path,,Bastard Ridge,,,demanding_mountain_hiking,,,,,,,,,,,,,,,,,,,,,,,,,,,,,,,,,,firebreak,,cutline,,,,,,,,,,,,,,,,,,,,,,,,,,,,,
way,664724206,,yes,yes,path,no,Catalina Verdugo Trail,,,hiking,ground,excellent,,no,1,1,0,,,,,,,1,,,,,,,,,,,,,,,,,,,,,,,,,,,,,,,,,,,,,,,,,,,,,,,,,,,
way,664987418,,,,path,,Incline Railway trail,,,demanding_mountain_hiking,,,,,,,,,,,,,,,,,,,,,,,,,,,,,,,,,,,,,,,,,,,,,,,,,,,,,,,,,,,,,,,,,
way,665006364,,,,path,,,,,mountain_hiking,ground,,,,,,,,,,,,,,,,,,,,,,,,,,,,,,,,,,yes,,,,,,,,,,,,,no,,,,,,,,,,,,,,,,,
way,665006375,,,,path,,,,,mountain_hiking,ground,,,,,,,,,,,,,,,,,,,,,,,,,,,,,,,,,,yes,,,,,,,,,,,,,no,,,,,,,,,,,,,,,,,
way,665178940,,,,path,,,,,mountain_hiking,ground,,,,,,,,,,,,,,,,,,,,,,,,,,,,,,,,,,yes,,,,,,,,,,,,,no,,,,,,,,,,,,,,,,,
way,665178941,,,,path,,,,,mountain_hiking,ground,,,,,,,,,,,,,,,,,,,,,,,,,,,,,,,,,,,,,,,,,,,,,,,,,,,,,,,,,,,,,,,,
way,667035012,,yes,yes,path,yes,,,,hiking,dirt,,,no,,,,,,,,,,,leashed,,,,,,,,,,,,,,,,,,,,,,,,,,,,,,,,,,,,,,,,,,,,,,,,,,
way,667035014,,yes,yes,track,yes,South Los Mares Trail,,,hiking,dirt,,,no,,,,,,,,,,,leashed,,,,,,,,,,,,,,,,,,,,,,,,,,,,,,,,,,,,,,,,,,,,,,,,,,
way,675902651,,,,path,,Bobcat Trail,City of Newport Beach,,hiking,unpaved,excellent,,,,,,,,,,,,1,,,,,,,,,,yes,,,,,,,,,,,,,,,,,,,,,,,,,,,,,,,,,,,,,,,,,
way,675976413,,,,path,,Gabrielino Trail,,,hiking,,,,,,,,,,,,,,,,,,,,,GPS,,,,,,,,,,,,,,,,,,,,,,,,,,,,,,,,,,,,,,,,,,,,
way,679342783,,,yes,path,,,,,demanding_mountain_hiking,ground,bad,,,,,,,,,,,,,,,,,,,,,,,,,,,,,,,,,,,,,,,,,,,,,,,,,,,,,,,,,,,,,,,
way,679342784,,,yes,path,,,,,demanding_mountain_hiking,,bad,,,,,,,,,,,,,,,,,,,,,,,,,,,,,,,,,,,,,,,,,,,,,,,,,,,,,,,,,,,,,,,
way,701303720,,,,track,,Mount Lowe Motorway,,FR 2N50,hiking,unpaved,,,,,,,,,"Los Angeles, CA",Mount Lowe,Mtwy,grade3,,,,,,,,cadastre,,,,,,,,,,,,,,,,,,,,,,,,,,,,,,,,,,,,,,,,,,,,
way,701303722,,yes,yes,track,yes,Mount Lowe Motorway,,FR 2N50,hiking,paved,,,no,,,,,,"Los Angeles, CA",Mount Lowe,Mtwy,grade1,,,,,,,,cadastre,,,,,,,,,,,,,,,,,,,,,,,,,,,,,,,,,,,,,,,,,,,,
way,704425079,,,,path,,Willow Creek Trail,,,hiking,wood,excellent,,,,,,,,,,,,,,,,,,,USGS Topo; USGS Geonames; USGS Topo,,,,,,,,,partly revised from GPS tracklog,,,,,,,,,,,,,yes,1,,,,,,,,,,,,,,,,,,,,,
way,704425080,,,,path,,Willow Creek Trail,,,hiking,unpaved,excellent,,,,,,,,,,,,,,,,,,,USGS Topo; USGS Geonames; USGS Topo,,,,,,,,,partly revised from GPS tracklog,,,,,,,,,,,,,,,,,,,,,,,,,,,,,,,,,,,
way,709847160,,,,path,,,,,mountain_hiking,dirt,intermediate,,,,,,,,,,,,,,,,,,,,,,,,,,,,,,,,,,,,,,,,,,,,,,,,,,,,,,,,,,,,,,,
way,709847161,,,,path,,,,,mountain_hiking,dirt,intermediate,,,,,,,,,,,,,,,,,,,,,,,,,,,,,,,,,,,,,,,,,,,,,,,,,,,,,,,,,,,,,,,
way,729438598,,no,,path,no,Islip Ridge Trail,,,hiking,unpaved,excellent,,,,,,,,,,,,.5,,,,,,,,,,,,,,,,,,,,,,,,,,,,,,,,,,,,,,,,,,,,,,,,,,,
way,729438599,,no,,path,no,Islip Wawona Trail,,,hiking,unpaved,excellent,,,,,,,,,,,,.5,,,,,,,,,,,,,,,,,,,,,,,,,,,,,,,,,,,,,,,,,,,,,,,,,,,
way,736525429,,,,path,,,,,mountain_hiking,,,,,,,,,,,,,,,,,,,,,local knowledge; Maxar Imagery; GPS,,,,,,,,,,,,,,,,,,,,,,,,,,,,,,,,,,,,,,,,,,,,
way,736525430,,,,path,,,,,mountain_hiking,,,,,,,,,,,,,,,,,,,,,local knowledge; Maxar Imagery; GPS,,,,,,,,,,,,,,,,,,,,,,,,,,,,,,,,,,,,,,,,,,,,
way,736525431,,,,path,,,,,mountain_hiking,dirt,,,,,,,,,,,,,,,,,,,,local knowledge;Maxar Imagery;GPS,,,,,,,,,,,,,,,,,,,,,,,,,,,,,,,,,,,,,,,,,,,,
way,738372118,,,yes,path,,,,,demanding_mountain_hiking,ground,bad,,,,,,very_horrible,,,,,,,,,,,,,,,,,,,,,,,,,,,yes,,,,,,,,,,,,,,,,,,,,,,,,,,,,,,
way,738980613,,,,path,,,,,mountain_hiking,dirt,,,,,,,,,,,,,,,,,,,,local knowledge;Bing Imagery: GPS;Survey,,,,,,,,,,,,,,,,,,,,,,,,,,,,,,,,,,,,,,,,,,,,
way,739456172,,no,yes,path,no,,,,mountain_hiking,ground,intermediate,20%,,,,,impassable,,,,,,,,,,,,,,,,,,,,,,,,,,,,,,,,,no,,,,,,,,,,,,,,,,,,,,,,,,
way,747451571,,,,path,,,,,hiking,,,,,,,,,,,,,,,,,,,,,city of pasadena arroyo trails layer,,,,,,,,,,,,,,,,,,,,,,,,,,,,,,,,,,,,,,,,,,,,
way,748649047,,no,no,path,no,,,,demanding_mountain_hiking,ground,no,30%,,,,,impassable,,,,,,,,,,,,,,,,,,,,,,,,,,,yes,,,,,,no,,,,,,,no,,,,,,,,,,,,,,,,,
way,756136116,,no,,path,,San Mateo Trail,US Forest Service,5W05,hiking,,,,no,,,,,,,,,,,,,,,,,,,,,,,,,,,,,,,,,,,,,,,,,,,,,,"Very approximate based on aerial imagery, need on the ground GPS to better align",,,,,,,,,,,,,,,
way,762912030,,,,path,,Sturtevant Trail (Gabrielino NRT / Silver Moccasin NRT),,,hiking,dirt,,,,,,,,,,,,,,,,,,,,,,,,,,,,,,,,,,,,,,,,,,,,,,,,,,,,,,,,,,,,,,,,
way,764275824,,no,yes,path,yes,Tenaja Falls Trail,US Forest Service,,hiking,unpaved,excellent,,,,,,,,,,,,,,,,,,,,,,,,,,,,,,,,,,,,,,,,,,,,,,,,,,,,,,,,,,,,,,,
way,764275825,,,,path,yes,,,,hiking,,excellent,,,,,,,,,,,,,,,,,,,,,,,,,,,,,,,,,,,,,,,,,,,,,,,,,,,,,,,,,,,,,,,
way,764275826,,,yes,path,yes,San Mateo Peak Trail,,,mountain_hiking,,intermediate,,,,,,,,,,,,,,,,,,,,,,,,,,,,,,,,,,,,,,,,,,,,,,,,,,,,,,,,,,,,,,,
way,764275827,,,,path,yes,,,,hiking,,good,,,,,,,,,,,,,,,,,,,,,,,,,,,,,,,,,,,,,,,,,,,,,,,,,,,,,,,,,,,,,,,
way,764275828,,,,path,,Morgan Trail,US Forest Service,5W02,hiking,,excellent,,,,,,,,,,,,,,,,,,,,,,,,,,,,,,,,,,,,,,,,,,,,,,,,,,,,,,,,,,,,,,,
way,764275829,,,,path,,Morgan Trail,US Forest Service,5W02,hiking,,excellent,,,,,,,,,,,,,,,,,,,,,,,,,,,,,,,,,,,,,,,,,,,,,,,,,,,,,,,,,,,,,,,
way,764275830,,,,path,,Morgan Trail,US Forest Service,5W02,hiking,,excellent,,,,,,,,,,,,,,,,,,,,,,,,,,,,,,,,,,,,,,,,,,,,,,,,,,,,,,,,,,,,,,,
way,764275831,,,,path,,Morgan Trail,US Forest Service,5W02,hiking,,excellent,,,,,,,,,,,,,,,,,,,,,,,,,,,,,,,,,,,,,,,,,,,,,,,,,,,,,,,,,,,,,,,
way,764275832,,no,,path,yes,Bear Canyon Trail,US Forest Service,5W09,hiking,,excellent,,no,,,,,,,,,,,,,,,,,,,,,,,,,,,,,,,,,,,,,,,,,,https://www.fs.usda.gov/recarea/cleveland/recarea/?recid=47586,,,,,,,,,,,,,,,,,,,
way,766591395,,yes,yes,path,yes,,,,mountain_hiking,ground,,steep,no,,,,,,,,,,,,,,,,,,,,,,,,,,,,,,,,,,,,,,,,,,,,,,,,,,,,,,,,,,,,,
way,815761500,,,yes,path,,,,,mountain_hiking,ground,,,,,,,,,,,,,,,,,,,,,,,,,,,,,,,3,,firebreak,,cutline,,,,,,,,,,,,,,,,,,,,,,,,,,,,,
way,872771889,,,,path,,Icehouse Canyon Trail,,237W07A,hiking,unpaved,,,,,,,,,,,,,,,,,,,,,,,,,,,,,,,,,,,,,,,,,,,,,,,,,,,,,,,,,,,,,,,,
way,882095108,,designated,designated,path,no,Pavlovian Reflexes,,2E03.4,mountain_hiking,dirt,intermediate,,,2,2,,,,,,,,0.3,,,,,,,,,,,,,,,,,,,,,,,,,,,,,,,,,,,,,,,,,,,,,,,no,,,,
way,891433704,,,,path,,,,,demanding_mountain_hiking,ground,bad,,,,,,,,,,,,,,,,,,,,,,,,,,,,,,,,,,,,,,,,,,,,,,,,,,,,,,,,,,,,,,,
way,892439096,track,no,yes,path,yes,Tenaja Falls Trail,US Forest Service,,hiking,unpaved,excellent,,,,,,,,,,,,,,,,,,,,,,,,,,,,,,,,,,,,,,,,,,,,,,,,,,,,,,,,,,,,,,,
way,915582623,,no,yes,path,no,Rubio Canyon Preserve Trail,,,hiking,unpaved,,,no,,,,,,,,,,,,,,,,,,,,,,,,,,,,,https://arroyosfoothills.org/land/altadena/rubio-canyon/hike-rubio-canyon/,,,,,,,,,,,,,,,yes,,,,,,,,,,,,,,,,,
way,915582624,,no,yes,path,no,Rubio Canyon Preserve Trail,,,hiking,unpaved,,,no,,,,,,,,,,,,,,,,,,,,,,,,,,,,,https://arroyosfoothills.org/land/altadena/rubio-canyon/hike-rubio-canyon/,,,,,,,,,,,,,,,yes,,,,,,,,,,,,,,,,,
way,915582625,,no,yes,path,no,Rubio Canyon Preserve Trail,,,hiking,unpaved,,,no,,,,,,,,,,,,,,,,,,,,,,,,,,,,,https://arroyosfoothills.org/land/altadena/rubio-canyon/hike-rubio-canyon/,,,,,,,,,,,,,,,yes,,,,,,,,,,,,,,,,,
way,924603063,,,yes,path,,,,,mountain_hiking,unpaved,intermediate,,,,,,,,,,,,,,,,,,,,,,,,,,,,,,,,,yes,,,,,,,,,,,,,,,,,,,,,,,,,,,,,,
way,974665571,,yes,yes,path,yes,,,,hiking,dirt,excellent,,no,,,,bad,,,,,,,leashed,,,,no,,,,,,,,,,,,,,,,,,common,no,,,no,,,,,,,,,,,,,,,,,,,,,,,,
way,987880726,,,yes,path,,,,,hiking,ground,intermediate,,,,,,,,,,,,,,,,,,,,,,,,,,,,,,,,,,,,,,,,,,,,,,,,,,,,,,,,,,,,,,,
way,987880727,,,yes,path,,,,,hiking,,excellent,,,,,,,,,,,,,,,,,,,,,,,,,,,,,,,,,,,,,,,,,,,,,,,,,,,,,,,,,,,,,,,
way,987880728,,,yes,path,,,,,demanding_mountain_hiking,ground,intermediate,,,,,,,,,,,,,,,,,,,,,,,,,,,,,,,,,,,,,,,,,,,,,,,,,,,,,,,,,,,,,,,
way,990188791,,,,path,,,,,demanding_mountain_hiking,,bad,,,,,,impassable,,,,,,,,,,,,,,,,,,,,,,,,,,,yes,,,,,,,,,,,,,,,,,,,,,,,,,,,,,,
way,990240247,,,,path,,,,,hiking,earth,,,,,,,,,,,,,,,,,,,,,,,,,,,,,,,,,,,,,,,,,,,,,,,,,,,,,,,,,,,,,,,,
way,990240248,,,,path,,,,,hiking,,,,,,,,,,,,,,,,,,,,,,,,,,,,,,,,,,,,,,,,,,,,,,,,,,,,,,,,,,,,,,,,,
way,990240249,,,,path,,,,,hiking,,,,,,,,,,,,,,,,,,,,,,,,,,,,,,,,,,,,,,,,,,,,,,,,,,,,,,,,,,,,,,,,,
way,990240250,,,,path,,,,,hiking,,,,,,,,,,,,,,,,,,,,,,,,,,,,,,,,,,,,,,,,,,,,,,,,,,,,,,,,,,,,,,,,,
way,993770134,,,yes,path,,,,,demanding_mountain_hiking,ground,,,,,,,,,,,,grade5,,,,,,,,,,,,,,,,,,,3,,firebreak,,cutline,,,,,,,,,,,,no,,,,,,,,,,,,,,,,,
way,993770135,,,yes,path,,,,,demanding_mountain_hiking,ground,,,,,,,,,,,,grade5,,,,,,,,,,,,,,,,,,,3,,firebreak,,cutline,,,,,,,,,,,,no,,,,,,,,,,,,,,,,,
way,995957007,,,,path,,Sturtevant Falls Trail,,,hiking,,,,,,,,,,,,,,,,,,,,,,,,,,,,,,,,,,,,,,,,,,,,,,,,,,,,,,,,,,,,,,,,,
way,995957008,,,,path,,Sturtevant Trail,,,hiking,dirt,,,,,,,,,,,,,,,,,,,,,,,,,,,,,,,,,,,,,,,,,,,,,,,,,,,,,,,,,,,,,,,,
way,997142975,,,yes,path,,,,,demanding_alpine_hiking,ground,,,,,,,,,,,,,,,,,,,,,,,,,,,,,,,3,Social Trail - not a maintained trail.,firebreak,,cutline,,,,,,,,,,,,no,,,,,,,,,,,,,,,,,
way,998209791,,,,path,,,,,mountain_hiking,earth,bad,,,,,,,,,,,,,,,,,,,,,,,,,,,,,,,,,yes,,,,,,,,,,,,,,,,,,,,,,,,,,,,,,
way,998209792,,,,path,,,,,mountain_hiking,,bad,,,,,,,,,,,,,,,,,,,,,,,,,,,,,,,,,,,,,,,,,,,,,,,,,,,,,,,,,,,,,,,
way,998210901,,,,path,,,,,hiking,dirt,,,,,,,,,,,,,,,,,,,,,,,,,,,,,,,,,,,,,,,,,,,,,,,,,,,,,,,,,,,,,,,,
way,998881149,,no,designated,path,no,Wood Creek Trail,,,mountain_hiking,dirt,,,,,,,,,,,,,,,,,,,,,,,,,,,,,,,,,,,,,,,,no,,yes,1,,,,,,,,,,,,,,,,,,,,,
way,998881150,,no,designated,path,no,Wood Creek Trail,,,mountain_hiking,dirt,,,,,,,,,,,,,,,,,,,,,,,,,,,,,,,,,,,,,,,,no,,,,,,,,,,,,,,,,,,,,,,,,
way,1002530732,,,,path,,,,,mountain_hiking,dirt,,,,,,,,,,,,,,,,,,,,,,,,,,,,,,,,,,,,,,,,,,,,,,,private,,,,,,,,,,,,,,,,,
way,1003257728,,,,path,,,,,mountain_hiking,ground,bad,,,,,,,,,,,,,,,,,,,,,,,,,,,,,,,,,yes,,,,,,,,,,,,,,,,,,,,,,,,,,,,,,
way,1003257729,,,,path,,,,,mountain_hiking,ground,no,,,,,,,,,,,,,,,,,,,,,,,,,,,,,,,,,yes,,,,,,,,,,,,,,,,,,,,,,,,,,,,,,
way,1003257733,,,,path,,,,,hiking,ground,good,,,,,,,,,,,,,,,,,,,,,,,,,,,,,,,,,,,,,,,,,,,,,,,,,,,,,,,,,,,,,,,
way,1003257734,,,,path,,,,,hiking,,bad,,,,,,,,,,,,,,,,,,,,,,,,,,,,,,,,,,,,,,,,,,,,,,,,,,,,,,,,,,,,,,,
way,1003257736,,,,path,,,,,mountain_hiking,ground,bad,,,,,,,,,,,,,,,,,,,,,,,,,,,,,,,,,,,,,,,,,,,,,,,,,,,,,,,,,,,,,,,
way,1003257737,,,,path,,,,,mountain_hiking,ground,bad,,,,,,,,,,,,,,,,,,,,,,,,,,,,,,,,,,,,,,,,,,,,,,,,,,,,,,,,,,,,,,,
way,1006876311,,,,path,,,,,demanding_mountain_hiking,ground,poor,,,,,,,,,,,,,,,,,,,,,,,,,,,,,,,,,yes,,,,,,,,,,,,,,,,,,,,,,,,,,,,,,
way,1011369003,,,,path,,,,,mountain_hiking,ground,bad,,,,,,,,,,,,,,,,,,,,,,,,,,,,,,,,,,,,,,,,,,,,,,,,,,,,,,,,,,,,,,,
way,1012569773,,,,path,,Cleghorn Ridge Trail,,,hiking,ground,excellent,,,,,,,,,,,,,,,,,,,,,,,,,,,,USFS decommissioned this road (Hiking allowed),,,,,,,,,,,,,,,,,,,,,,,,,,,,,,,,,,,
way,1012885468,,,,path,,,,,mountain_hiking,ground,excellent,,,,,,,,,,,,,,,,,,,,,,,,,,,,,,,,,,,,,,,,,,,,,,,,,,,,,,,,,,,,,,,
way,1012885478,,,,path,,,,,demanding_mountain_hiking,ground,no,,,,,,,,,,,,,,,,,,,,,,,,,,,,,,,,,,,,,,,,,,,,,,,,,,,,,,,,,,,,,,,
way,1013146841,,,,path,,,,,mountain_hiking,ground,bad,,,,,,,,,,,,,,,,,,,,,,,,,,,,,,,,,,,,,,,,,,,,,,,,,,,,,,,,,,,,,,,
way,1019189602,,yes,yes,path,,Buck Gully Trail,City of Newport Beach,,hiking,unpaved,excellent,,,,,,,,,,,,1,no,,,,,,,,,yes,,,,,,,,,,,,,,,,,,,,,,,,,,,,,,,,,,,,,,,,,
way,1019189603,,yes,yes,path,,Buck Gully Trail,City of Newport Beach,,hiking,metal,excellent,,,,,,,,,,,,1,,,,,,,,,,yes,,,,,,,,,,,,,,,,,,,yes,1,,,,,,,,,,,,,,,,,,,,,
way,1036624831,,,,path,,Occidental Peak Trail,,,mountain_hiking,,bad,,,,,,,,,,,,,,,,,,,gps,,,,,,,,,,,,,,yes,,,,,,,,,,,,,,,,,,,,,,,,,,,,,,
way,1036626486,,,,path,,,,,demanding_alpine_hiking,scree,horrible,21%,,,,,,,,,,,,,,,,,,,,,,,,,,,,,,,,yes,,,,,,,,,,,,,,,,,,,,,,,,,,,,,,
way,1036631028,,,,track,,Rincon Red Box Truck Trail,,2N24,hiking,unpaved,,,,,,,excellent,,,,,grade2,,,,,,,,GPS,,no,,,Forest Route 2N24,,,,,,,"2023/07/09: the road has been graded, and is in excellend condition",,,,,,,,,,,,,,,,,,,,,,,,,,,,,,,,
way,1036631029,,,,track,,Rincon Red Box Truck Trail,,2N24,hiking,unpaved,,,,,,,excellent,,,,,grade2,,,,,,,,GPS,,no,,,Forest Route 2N24,,,,,,,"2023/07/09: the road has been graded, and is in excellend condition",,,,,,,,,,,,,,,,,,,,,,,,,,,,,,,,
way,1036631031,,,,track,,Rincon Red Box Truck Trail,,2N24,hiking,unpaved,,,,,,,,,,,,grade2,,,,,,,,GPS,,no,,,Forest Route 2N24,,,,,,,,,,,,,,,,,,,,,,,,,,,,,,,,,,,,,,,
way,1047504298,,,,path,,,,,demanding_mountain_hiking,ground,,,,,,,,,,,,,,,,,,,,,,,,,,,,,,,,,,,,,,,,,,,,,,,,,,,,,,,,,,,,,bad,,,
way,1050640191,,,,path,,,,,demanding_mountain_hiking,ground,,,,,,,,,,,,,,,,,,,,,,,,,,,,,,,,,,,,,,,,,,,,,,,,,,,,,,,,,,,,,poor,,,
way,1050640192,,,,path,,,,,demanding_mountain_hiking,,intermediate,,,,,,,,,,,,,,,,,,,,,,,,,,,,,,,,,,,,,,,,,,,,,,,,,,,,,,,,,,,,,,,
way,1050688452,,yes,yes,path,yes,Telegraph Canyon Road,,,hiking,dirt,excellent,,no,,,,bad,A41,"Orange, CA",Telegraph Canyon,Rd,,,leashed,,,,no,,,,,,,,,,,,,,,,,,common,no,,,no,,,,,,,,,,,,,,,,,,,no,,,,,
way,1050688454,,yes,yes,path,yes,Telegraph Canyon Road,,,hiking,dirt,excellent,,no,,,,bad,A41,"Orange, CA",Telegraph Canyon,Rd,,,leashed,,,,no,,,,,,,,,,,,,,,,,,common,no,,,no,,,,,,,,,,,,,,,,,,,no,,,,,
way,1050688455,,yes,yes,path,yes,,,,hiking,dirt,excellent,,no,,,,bad,,,,,,,leashed,,,,no,,,,,,,,,,,,,,,,,,common,no,,,no,,,,,,,,,,,,,,,,,,,,,,,,
way,1050688457,,yes,yes,path,yes,Redwood Trail,,,hiking,concrete,excellent,,no,,,,bad,,,,,,,leashed,,,,no,,,,,,,,,,,,,,,,,,common,no,,,no,,,,,,,,,,,,,,,,,,,,,,,,
way,1050688458,,yes,yes,path,yes,,,,hiking,dirt,excellent,,no,,,,bad,,,,,,,leashed,,,,no,,,,,,,,,,,,,,,,,,common,no,,,no,,,,,,,,,,,,,,,,,,,,,,,,
way,1050688459,,yes,yes,path,yes,Redwood Trail,,,hiking,concrete,excellent,,no,,,,bad,,,,,,,leashed,,,,no,,,,,,,,,,,,,,,,,,common,no,,,no,,,,,,,,,,,,,,,,,,,,,,,,
way,1050688460,,yes,yes,path,yes,Bell's Vireo Trail,,,hiking,dirt,excellent,,no,,,,bad,,,,,,,leashed,,,,no,,,,,,,,,,,,,,,,,,common,no,,,no,,,,,,,,,,,,,,,,,,,,,,,,
way,1050688461,,yes,yes,path,yes,,,,hiking,dirt,excellent,,no,,,,bad,,,,,,,leashed,,,,no,,,,,,,,,,,,,,,,,,common,no,,,no,,,,,,,,,,,,,,,,,,,,,,,,
way,1050688462,,yes,yes,path,no,Bell's Vireo Trail,,,hiking,dirt,excellent,,no,,,,bad,,,,,,,leashed,,,,no,,,,,,,,,,,,,,,,,,common,yes,,,limited,,,,,,,,,,,,,,,,,,,,,,,,
way,1050688465,,yes,yes,path,yes,Telegraph Canyon Road,,,hiking,dirt,excellent,,no,,,,bad,A41,"Orange, CA",Telegraph Canyon,Rd,,,leashed,,,,no,,,,,,,,,,,,,,,,,,common,no,,,no,,,,,,,,,,,,,,,,,,,no,,,,,
way,1050688466,,yes,yes,path,yes,Telegraph Canyon Road,,,hiking,dirt,excellent,,no,,,,bad,A41,"Orange, CA",Telegraph Canyon,Rd,,,leashed,,,,no,,,,,,,,,,,,,,,,,,common,no,,,no,,,,,,,,,,,,,,,,,,,no,,,marked,,
way,1050688467,,yes,yes,path,yes,Telegraph Canyon Road,,,hiking,dirt,excellent,,no,,,,bad,A41,"Orange, CA",Telegraph Canyon,Rd,,,leashed,,,,no,,,,,,,,,,,,,,,,,,common,no,,,no,,,,,,,,,,,,,,,,,,,no,,,,,
way,1050688468,,yes,yes,path,yes,,,,hiking,dirt,excellent,,no,,,,bad,,,,,,,leashed,,,,no,,,,,,,,,,,,,,,,,,common,no,,,no,,,,,,,,,,,,,,,,,,,,,,,,
way,1050688469,,yes,yes,path,yes,Telegraph Canyon Road,,,hiking,dirt,excellent,,no,,,,bad,A41,"Orange, CA",Telegraph Canyon,Rd,,,leashed,,,,no,,,,,,,,,,,,,,,,,,common,no,,,no,,,,,,,,,,,,,,,,,,,no,,,,,
way,1050688470,,yes,yes,path,yes,Telegraph Canyon Road,,,hiking,concrete,excellent,,no,,,,excellent,A41,"Orange, CA",Telegraph Canyon,Rd,,,leashed,,,,no,,,,,,,,,,,,,,,,,,common,yes,,,yes,,,-1,,,,,,,,,,,,,,,,no,,,,,
way,1050688472,,yes,yes,path,yes,,,,hiking,dirt,excellent,,no,,,,bad,,,,,,,leashed,,,,no,,,,,,,,,,,,,,,,,,common,no,,,no,,,,,,,,,,,,,,,,,,,,,,,,
way,1050688473,,yes,yes,path,yes,Telegraph Canyon Trail,,,hiking,gravel,excellent,,no,,,,bad,A41,"Orange, CA",Telegraph Canyon,Rd,,,leashed,,,,no,,,,,,,,,,,,,,,,,,common,no,,,no,,,,,,,,,,,,,,,,,,,no,,,,,
way,1050689539,,yes,yes,path,yes,Telegraph Canyon Trail,,,hiking,dirt,excellent,,no,,,,bad,A41,"Orange, CA",Telegraph Canyon,Rd,,,leashed,,,,no,,,,,,,,,,,,,,,,,,common,no,,,no,,,,,,,,,,,,,,,,,,,no,,,,,
way,1050689540,,yes,yes,path,yes,Telegraph Canyon Road,,,hiking,dirt,excellent,,no,,,,bad,A41,"Orange, CA",Telegraph Canyon,Rd,,,leashed,,,,no,,,,,,,,,,,,,,,,,,common,no,,,no,,yes,1,,,,,,,,,,,,,,,,no,,,,,
way,1050689541,,yes,yes,path,yes,Telegraph Canyon Road,,,hiking,dirt,excellent,,no,,,,bad,A41,"Orange, CA",Telegraph Canyon,Rd,,,leashed,,,,no,,,,,,,,,,,,,,,,,,common,no,,,no,,yes,1,,,,,,,,,,,,,,,,no,,,,,
way,1050689542,,yes,yes,path,yes,Telegraph Canyon Road,,,hiking,concrete,excellent,,no,,,,bad,A41,"Orange, CA",Telegraph Canyon,Rd,,,leashed,,,,no,,,,,,,,,,,,,,,,,,common,no,,,no,,yes,1,,,,,,,,,,,,,,,,no,,,,,
way,1057263678,,yes,yes,path,yes,Altadena Crest Trail,,,hiking,ground,,,no,,,,,,,,,,,,,,,,,,,,,,,,,,,,,,,,,,,,,,,,,,,,,,,,,,,,,,,,,,,,,
way,1057263679,,yes,yes,path,yes,Altadena Crest Trail,,,hiking,ground,,,no,,,,,,,,,,,,,,,,,,,,,,,,,,,,,,,,,,,,,,,yes,1,,,,,,,,,,,,,,,,,,,,,
way,1057429572,,yes,yes,track,,Buck Gully Trail,City of Newport Beach,,hiking,paved,excellent,,no,,,,,,,,,,,no,,,,,,,,,yes,,,,,,,,,,,,,,,,,,,,,,,,,,,,,,,,,,,,,,,,,
way,1057429580,,yes,yes,path,,Buck Gully Trail,City of Newport Beach,,hiking,metal,excellent,,,,,,,,,,,,1,,,,,,,,,,yes,,,,,,,,,,,,,,,,,,,yes,1,,,,,,,,,,,,,,,,,,,,,
way,1057429581,,yes,yes,path,,Buck Gully Trail,City of Newport Beach,,hiking,unpaved,excellent,,,,,,,,,,,,1,,,,,,,,,,yes,,,,,,,,,,,,,,,,,,,,,,,,,,,,,,,,,,,,,,,,,
way,1057429582,,,,path,,Bobcat Trail,City of Newport Beach,,hiking,metal,excellent,,,,,,,,,,,,1,,,,,,,,,,yes,,,,,,,,,,,,,,,,,,,yes,1,,,,,,,,,,,,,,,,,,,,,
way,1057429583,,,,path,,Bobcat Trail,City of Newport Beach,,hiking,unpaved,excellent,,,,,,,,,,,,1,,,,,,,,,,yes,,,,,,,,,,,,,,,,,,,,,,,,,,,,,,,,,,,,,,,,,
way,1057429585,,yes,yes,path,,Buck Gully Trail,City of Newport Beach,,hiking,unpaved,excellent,,,,,,,,,,,,1,,,,,,,,,,yes,,,,,,,,,,,,,,,,,,,,,,,,,,,,,,,,,,,,,,,,,
way,1057429586,,yes,yes,path,,Buck Gully Trail,City of Newport Beach,,hiking,metal,excellent,,,,,,,,,,,,1,,,,,,,,,,yes,,,,,,,,,,,,,,,,,,,yes,1,,,,,,,,,,,,,,,,,,,,,
way,1064907483,,,,path,,Sugarloaf National Recreational Trail,,2E18,mountain_hiking,dirt,,up,,3,3,2,,,,,,,1,,,,,,,Bing;Strava,,,,,,,,,,,,,,,,,,,,,,,,,,,,,,,,,,,,,,,,,,,,
way,1068855010,,,,path,,,,,hiking,dirt,,,,1,,0,,,,,,,0.5,,,,,,,Strava;Bing,,,,,,,,,,,,,,,,,,,,,,,,,,,,,,,,,,,,,,,,,,,,
way,1071786888,,,,path,,,,,demanding_mountain_hiking,,,,,,,,,,,,,,,,,,,,,,,,,,,,,,,,,,firebreak,,cutline,,,,,,,,,,,,,,,,,,,,,,,,,,,,,
way,1071786891,,,,path,,,,,demanding_mountain_hiking,,,,,,,,,,,,,,,,,,,,,,,,,,,,,,,,,,firebreak,,cutline,,,,,,,,,,,,,,,,,,,,,,,,,,,,,
way,1071786892,,,,path,,Mount Wilson Trail,,,mountain_hiking,,,,,,,,,,,,,,,,,,,,,,,,,,,,,,,,,,,,,,,,,,,,,,,,,,,,,,,,,,,,,,,,,
way,1071786895,,,,track,,Chantry Flats Truck Trail,,,hiking,unpaved,,,,,,,,,"Los Angeles, CA",Chantry Flats Truck Trail,,grade2,,,,,,,,,,,,,,,,,,,,,,,,,,,,,Forest Route 11W20,,,,,,,Forest Route 11W20,,,,,,,,,,,,,,,,
way,1071786898,,,,track,,Chantry Flats Truck Trail,,,hiking,unpaved,,,,,,,,,"Los Angeles, CA",Chantry Flats Truck Trail,,grade2,,,,,,,,,,,,,,,,,,,,,,,,,,,,,Forest Route 11W20,,,,,,,Forest Route 11W20,,,,,,,,,,,,,,,,
way,1071786899,,,,track,,Chantry Flats Truck Trail,,,hiking,unpaved,,,,,,,,,"Los Angeles, CA",Chantry Flats Truck Trail,,grade2,,,,,,,,,,,,,,,,,,,,,,,,,,,,,Forest Route 11W20,,,,,,,Forest Route 11W20,,,,,,,,,,,,,,,,
way,1071786904,,,,path,,Tom Sloan Trail,,,hiking,,,,,,,,,,,,,,,,,,,,,,,,,,,,,,,,,,,,,,,,,,,,,,,,,,,,,,,,,,,,,,,,,
way,1071786905,,,,track,,Mount Lowe Motorway,,FR 2N50,hiking,unpaved,,,,,,,,,"Los Angeles, CA",Mount Lowe,Mtwy,grade3,,,,,,,,cadastre,,,,,,,,,,,,,,,,,,,,,,,,,,,,,,,,,,,,,,,,,,,,
way,1071786906,,,,track,,Mount Lowe Motorway,,FR 2N50,hiking,unpaved,,,,,,,,,"Los Angeles, CA",Mount Lowe,Mtwy,grade3,,,,,,,,cadastre,,,,,,,,,,,,,,,,,,,,,,,,,,,,,,,,,,,,,,,,,,,,
way,1071786907,,yes,yes,path,yes,Mount Lowe Trail,,,hiking,dirt,,,,,,,,,,,,,,,,,,,,,,no,,,,,,,,,,,,,,,,,,,,,,,,,yes,,,,,,,,,,,,,,,,,
way,1071786908,,yes,yes,path,yes,Upper Sam Merrill Trail,,,hiking,dirt,,,no,,,,,,,,,,,,,,,,,,,no,,,,,,,,,,,,,,,,,,,,,,,,,yes,,,,,,,,,,,,,,,,,
way,1072119411,,,,path,,Cleghorn Ridge Trail,,,hiking,ground,excellent,,,,,,,,,,,,,,,,,,,,,,,,,,,,USFS decommissioned this road (Hiking allowed),,,,,,,,,,,,,,,,,,,,,,,,,,,,,,,,,,,
way,1072443763,,,,path,,Stonehouse Cutoff,,6W02,hiking,dirt,,,,,,,,,,,,,,,,,,,,,,,,,,,,,,,,,,,,,,,,,,,,,,,,,,,,,,,,,,,,,,,,
way,1072443764,,,,path,,Middle Fork Trail,,6W01.1,hiking,dirt,,,,,,,,,,,,,,,,,,,,,,,,,,,,,,,,,,,,,,,,,,,,,,,,,,,,,,,,,,,,,,,,
way,1077851496,,,,path,,,,,demanding_mountain_hiking,ground,,,,,,,,,,,,,,,,,,,,,,,,,,,,,,,,,,,,,,,,,,,,,,,,,,,,,,,,,,,,,,,,
way,1078910405,track,no,,path,yes,Fisherman's Camp Trail,US Forest Service,5W11,hiking,,excellent,,,,,,,,,,,,1,,,,,,,Bing,,,,,,,,,,,,,,,,,,,,,,,,,,,,,,,,,,,,,,,,,,,,
way,1082358636,,yes,yes,path,yes,Fire Road,,,hiking,dirt,excellent,,no,,,,bad,,,,,,,leashed,,,,no,,,,,,,,,,,,,,,,,,common,no,,,no,,,,,,,,,,,,,,,,,,,,,,,,
way,1082358637,,yes,yes,path,yes,,,,hiking,concrete,excellent,,no,,,,bad,,,,,,,leashed,,,,no,,,,,,,,,,,,,,,,,,common,no,,,no,,,,,,,,,,,,,,,,,,,,,,,,
way,1082358638,,yes,yes,path,yes,Redwood Trail,,,hiking,dirt,excellent,,no,,,,bad,,,,,,,leashed,,,,no,,,,,,,,,,,,,,,,,,common,no,,,no,,,,,,,,,,,,,,,,,,,,,,,,
way,1136790902,,yes,yes,path,yes,Gilman Trail,,,hiking,dirt,excellent,,no,,,,bad,,,,,,,leashed,,,,no,,,,,,,,,,,,,,,,,,common,no,,,no,,,,,,,,,,,,,,,,,,,,,,,,
way,1136797067,,yes,yes,path,yes,Telegraph Canyon Trail,,,hiking,dirt,excellent,,no,,,,bad,A41,"Orange, CA",Telegraph Canyon,Rd,,,leashed,,,,no,,,,,,,,,,,,,,,,,,common,no,,,no,,,,,,,,,,,,,,,,,,,no,,,,,
way,1136799781,,yes,yes,path,yes,Telegraph Canyon Road,,,hiking,gravel,excellent,,no,,,,bad,A41,"Orange, CA",Telegraph Canyon,Rd,,,leashed,,,,no,,,,,,,,,,,,,,,,,,common,no,,,no,,,,,,,,,,,,,,,,,,,no,,,,,
way,1136804236,,yes,yes,path,yes,,,,hiking,dirt,excellent,,no,,,,bad,,,,,,,leashed,,,,no,,,,,,,,,,,,,,,,,,common,no,,,no,,,,,,,,,,,,,,,,,,,,,,,,
way,1143825244,,,,path,,,,,mountain_hiking,ground,poor,,,,,,,,,,,,,,,,,,,,,,,,,,,,,,,,,,,,,,,,,,,,,,,,,,,,,,,,,,,,,,,
way,1150557965,,,,path,,,,,hiking,ground,intermediate,,,,,,,,,,,,,,,,,,,,,,,,,,,,,,,,,,,,,,,,,,,,,,,,,,,,,,,,,,,,,,,
way,1150557966,,,,path,,,,,hiking,ground,good,,,,,,,,,,,,,,,,,,,,,,,,,,,,,,,,,,,,,,,,,,,,,,,,,,,,,,,,,,,,,,,
way,1164766906,,,,path,,Bear Canyon Trail,,,hiking,,,,,,,,,,,,,,,,,,,,,,,,,,,,,,,,,,,,,,,,,,,,,,,,,,,,,,,,,,,,,,,,,
way,1164766907,,,,path,,,,,mountain_hiking,ground,intermediate,,,,,,,,,,,,,,,,,,,,,,,,,,,,,,,,,,,,,,,,,,,,,,,,,,,,,,,,,,,,,,,
way,1167463744,,,,path,,Millard Canyon Road,,2N65,hiking,dirt,,,,,,,,,,,,,,,,,,,,usgs_imagery;survey;image;USFS,,,,AM909_DSCV3030,,,,,,,,,,,,,,,,,,,,,,,,,,,,,,,,,,,,,,,,
way,1167463746,,,,path,,,,,hiking,dirt,excellent,,,,,,,,,,,,,,,,,,,,,,,,,,,,,,,,,,,,,,,,,,,,,,,,,,,,,,,,,,,,,,,
way,1167463748,,,,path,,Gabrielino Trail,,,hiking,,,,,,,,,,,,,,,,,,,,,GPS,,,,,,,,,,,,,,,,,,,,,,,,,,,,,,,,,,,,,,,,,,,,
way,1167463749,,,,path,,Gabrielino Trail,,,hiking,wood,,,,,,,,,,,,,,,,,,,,GPS,,,,,,,,,,,,,,,,,,,,,,yes,1,,,,,,,,,,,,,,,,,,,,,
way,1171446096,,yes,yes,path,yes,Fall Line,,1E30,mountain_hiking,,excellent,,no,2,,,,,,,,,1,,,,,,,Strava;Bing;strava,,,,,,,,,,,,,,,,,,,,,,,,,,,,,,,,,,,,,,,,,,,,
way,1174891765,,no,yes,path,permissive,Indian Springs Trail,,,hiking,ground,good,,no,,,,,A41,"San Bernardino, CA",Pipes,Rd,,,,,,,,,,,,,,,,,,,,,,,,,,,,,,,,,,,,no,,,,,,,,,,,,,,,,,
way,1174933339,,,,path,,East Fork Trail,,,mountain_hiking,ground,intermediate,,,,,,,,,,,,0.5,,,,,,,,,,,,,,,,,,,,,,,,,,,,,,,,,,,,,,,,,,,,,,,,,,,
way,1174933340,,,,path,,,,,demanding_alpine_hiking,rock,,,,,,,,,,,,,,,,,,,,,,,,,,,,,,,,Section where climb along rock face (with ropes as of May 2023) required to avoid fording river. Sac_scale is an estimate to indicate that it's difficult.,,,,,,,,,,,,,,,,,,,,,,,,,,,,,,,,
way,1182169988,,,,path,,,,,hiking,ground,good,,,,,,,,,,,,,,,,,,,,,,,,,,,,,,,,,,,,,,,,,,,,,,,,,,,,,,,,,,,,,,,
way,1182169989,,,,path,,,,,hiking,ground,,,,,,,,,,,,,,,,,,,,,,,,,,,,,,,,,,,,,,,,,,,,,,,,,,,,,,,,,,,,,,,,
way,1182169994,,,,path,,,,,hiking,ground,bad,,,,,,,,,,,,,,,,,,,,,,,,,,,,,,,,,,,,,,,,,,,,,,,,,,,,,,,,,,,,,,,
way,1190277473,,,,path,,,,,hiking,ground,good,,,,,,,,,,,,,,,,,,,,,,,,,,,,,,,,,,,,,,,,,,,,,,,,,,,,,,,,,,,,,,,
way,1190277476,,,,path,,,,,mountain_hiking,ground,bad,,,,,,,,,,,,,,,,,,,,,,,,,,,,,,,,,,,,,,,,,,,,,,,,,,,,,,,,,,,,,,,
way,1190277481,,,,path,,,,,mountain_hiking,ground,intermediate,,,,,,,,,,,,,,,,,,,,,,,,,,,,,,,,,,,,,,,,,,,,,,,,,,,,,,,,,,,,,,,
way,1190277482,,no,,path,no,,,,mountain_hiking,ground,good,,no,,,,,,,,,,,,,,,,,,,,,,,,,,,,,,,,,,,,,,,,,,,,,,,,,,,,,,,,,,,,,
way,1198194452,,,,path,,,,,hiking,,excellent,,,,,,,,,,,,,,,,,,,,,,,,,,,,,,,,,,,,,,,,,,,,,,,,,,,,,,,,,,,,,,,
way,1218842825,,,,path,,North Ridge Trail,,,hiking,dirt,excellent,,,,,,bad,,,,,,,leashed,,,,no,,,,,,,,,,,,,,,,,,common,no,,,no,,,,,,,no,,,,,,,,,,,,,,,,2023-10-27,yes
way,1219102565,,yes,yes,path,yes,Altadena Crest Access Trail,,,hiking,paved,,,,,,,,,,,,,,,,,,,,,,,,,,,,,,,,,,,,,,,,,,,,,,,,,,,,,,,,,,,,,,,,
way,1219103537,,,,path,,Altadena Crest Trail,,,hiking,unpaved,,,,,,,,,,,,,,,,,,,,,,,,,,,,,,,,,,,,,,,,,,,,,,,,,,,,,,,,,,,,,,,,
way,1219103538,,yes,yes,path,yes,Altadena Crest Access Trail,,,hiking,unpaved,,,,,,,,,,,,,,,,,,,,,,,,,,,,,,,,,,,,,,,,,,,,,,,,,,,,,,,,,,,,,,,,
way,1221606807,,,,path,,,,,hiking,ground,bad,,,,,,,,,,,,,,,,,,,,,,,,,,,,,,,,,,,,,,,,,,,,,,,,,,,,,,,,,,,,,,,
way,1227950784,,,,path,,,,,hiking,ground,intermediate,,,,,,,,,,,,,,,,,,,,,,,,,,,,,,,,,,,,,,,,,,,,,,,,,,,,,,,,,,,,,,,
way,1227950793,,,,path,,,,,hiking,ground,intermediate,,,,,,,,,,,,,,,,,,,,,,,,,,,,,,,,,,,,,,,,,,,,,,,,,,,,,,,,,,,,,,,
way,1227950796,,,,path,,,,,mountain_hiking,ground,bad,,,,,,,,,,,,,,,,,,,,,,,,,,,,,,,,,,,,,,,,,,,,,,,,,,,,,,,,,,,,,,,
way,1227951295,,,,path,,,,,demanding_mountain_hiking,ground,horrible,,,,,,,,,,,,,,,,,,,,,,,,,,,,,,,,,,,,,,,,,,,,,,,,,,,,,,,,,,,,,,,
way,1228722280,,,,path,,,,,demanding_mountain_hiking,dirt,intermediate,,,,,,,,,,,,,,,,,,,,,,,,,,,,,,,,,,,,,,,,,,,,,,,,,,,,,,,,,,,,,,,
way,1228722281,,,,path,,,,,demanding_mountain_hiking,dirt,bad,,,,,,,,,,,,,,,,,,,,,,,,,,,,,,,,,,,,,,,,,,,,,,,,,,,,,,,,,,,,,,,
way,1228722282,,,,path,,,,,hiking,dirt,intermediate,,,,,,,,,,,,,,,,,,,,,,,,,,,,,,,,,,,,,,,,,,,,,,,,,,,,,,,,,,,,,,,
way,1242370768,,,,path,,,,,mountain_hiking,ground,excellent,,,,,,,,,,,,,,,,,,,,,,,,,,,,,,,,,,,,,,,,,,,,,,,,,,,,,,,,,,,,,,,
way,1242383463,,,,path,,,,,mountain_hiking,ground,,,,,,,,,,,,,,,,,,,,,,,,,,,,,,,,,,,,,,,,,,,,,,,,,,,,,,,,,,,,,,,,
way,1245711494,,no,yes,footway,no,,,,demanding_mountain_hiking,,,,no,,,,,,,,,,,,,,,,,,,,,,,,,,,,,,,yes,,,,,,,,,,,,,,,,,,,,,,,,,,,,,,
way,1245970426,,,,path,,Mount Wilson Trail,,,mountain_hiking,,,,,,,,,,,,,,,,,,,,,,,,,,,,,,,,,,,,,,,,,,,,,,,,,,,,,,,,,,,,,,,,,
way,1247994541,,no,,path,no,,,,demanding_mountain_hiking,,,,,,,,,,,,,,,,,,,,,,,,,,,,,,,,,,,yes,,,,,,,,,,,,,,,,,,,,,,,,,,,,,,
way,1248957541,,no,,path,no,,,,demanding_mountain_hiking,,,,no,,,,,,,,,,,,,,,,,,,,,,,,,,,,,,,yes,,,,,,,,,,,,,,,,,,,,,,,,,,,,,,
way,1254190261,,,,path,,,,,demanding_mountain_hiking,ground,horrible,,,,,,,,,,,,,,,,,,,,,,,,,,,,,,,,,,,,,,,,,,,,,,,,,,,,,,,,,,,,,,,
way,1255040475,,,,path,,,,,mountain_hiking,ground,,,,,,,,,,,,,,,,,,,,,,,,,,,,,,,,,,,,,,,,,,,,,,,,,,,,,,,,,,,,,,,,
way,1255896413,,,,path,,,,,mountain_hiking,ground,bad,,,,,,,,,,,,,,,,,,,,,,,,,,,,,,,,,,,,,,,,,,,,,,,,,,,,,,,,,,,,,,,
way,1255896414,,,,path,,,,,mountain_hiking,ground,bad,,,,,,,,,,,,,,,,,,,,,,,,,,,,,,,,,,,,,,,,,,,,,,,,,,,,,,,,,,,,,,,
way,1259574003,,,,path,,,,,mountain_hiking,ground,intermediate,,,,,,,,,,,,,,,,,,,,,,,,,,,,,,,,,,,,,,,,,,,,,,,,,,,,,,,,,,,,,,,
way,1260439150,,,,path,,,,,hiking,ground,intermediate,,,,,,,,,,,,,,,,,,,,,,,,,,,,,,,,,,,,,,,,,,,,,,,,,,,,,,,,,,,,,,,
way,1261909394,,,,path,,Cleghorn Ridge Trail,,,mountain_hiking,ground,excellent,,,,,,,,,,,,,,,,,,,,,,,,,,,,,,,,,,,,,,,,,,,,,,,,,,,,,,,,,,,,,,,
way,1261909395,,,,path,,Cleghorn Ridge Trail,,,hiking,ground,excellent,,,,,,,,,,,,,,,,,,,,,,,,,,,,USFS decommissioned this road (Hiking allowed),,,,,,,,,,,,,,,,,,,,,,,,,,,,,,,,,,,
way,1261909396,,,,path,,,,,hiking,ground,excellent,,,,,,,,,,,,,,,,,,,,,,,,,,,,USFS decommissioned this road (Hiking allowed),,,,,,,,,,,,,,,,,,,,,,,,,,,,,,,,,,,
way,1261909398,,,,path,,,,,hiking,dirt,,,,,,,,,,,,,,,,,,,,,,,,,,,,,,,,,,,,,,,,,,,,,,,,,,,,,,,,,,,,,,,,
way,1263336992,,,,path,,,,,mountain_hiking,ground,excellent,,,,,,,,,,,,,,,,,,,,,,,,,,,,,,,,,,,,,,,,,,,,,,,,,,,,,,,,,,,,,,,
way,1263336996,,,,path,,,,,mountain_hiking,,good,,,,,,,,,,,,,,,,,,,,,,,,,,,,,,,,,,,,,,,,,,,,,,,,,,,,,,,,,,,,,,,
way,1264362862,,,,path,,,,,mountain_hiking,ground,,,,,,,,,,,,,,,,,,,,,,,,,,,,,,,,,,,,,,,,,,,,,,,,,,,,,,,,,,,,,,,,
way,1280079573,,no,yes,path,no,,,,difficult_alpine_hiking,dirt,horrible,,,,,,impassable,,,,,,,,,,,,,local knowledge,,,,,,,,,,,,A path that may not lead to the peak. The wrong path is marked so that people can choose the correct path when they decide in the three-way intersection. The correct path should be safer. The wrong path is damper with lizards and snakes on the sides.,,yes,,,,,,,,,,,,,no,,,,,,,,,,,,,,,,,
way,1283469428,,,,path,,,,,demanding_mountain_hiking,ground,horrible,,,,,,,,,,,,,,,,,,,Bing,,,,,,,,,,,,,,,,,,,,,,,,,,,,,,,,,,,,,,,,,,,,
way,1286083352,,,,path,,,,,mountain_hiking,,good,,,,,,,,,,,,,,,,,,,,,,,,,,,,,,,,,,,,,,,,,,,,,,,,,,,,,,,,,,,,,,,
way,1286083353,,,,path,,,,,demanding_mountain_hiking,,good,,,,,,,,,,,,,,,,,,,,,,,,,,,,,,,,,,,,,,,,,,,,,,,,,,,,,,,,,,,,,,,
way,1286083354,,,,path,,,,,hiking,ground,good,,,,,,,,,,,,,,,,,,,,,,,,,,,,,,,,,,,,,,,,,,,,,,,,,,,,,,,,,,,,,,,
way,1286083356,,,,path,,,,,demanding_mountain_hiking,,horrible,,,,,,,,,,,,,,,,,,,,,,,,,,,,,,,,,,,,,,,,,,,,,,,,,,,,,,,,,,,,,,,
